repo,default_branch,has_main,has_master,main_protected,branches,environments,compliance
analytics-service,main,yes,yes,yes,"chore/XIPP-12673;chore/XIPP-18104;chore/XIPP-18419;chore/XIPP-19341;develop_old;develop;epic/XIPP-11242-develop;epic/XIPP-11242;feat/XIPP-12331;feat/XIPP-13583;feat/XIPP-15972-NEW;feat/XIPP-15972_DEV;feat/XIPP-15972_STG;feat/XIPP-15972;feat/XIPP-16162;feat/XIPP-17227;feat/XIPP-18058;feat/XIPP-19656-17227-dev;feat/XIPP-19656-17227-stg;feat/XIPP-19656-17227;feat/XIPP-19676;feat/XIPP-19707-dev;feat/XIPP-19707;feat/XIPP-19883;feat/XIPP-19941;feat/XIPP-20078;feat/XIPP-20977-20979-2.84;feat/XIPP-20977-20979;feat/XIPP-20977-dev;feat/XIPP-20977","",PARCIAL
k8s-deploy,main,yes,yes,no,"17.0;18.0;LewFirecode-patch-1;LewFirecode-patch-2-preprod;LewFirecode-patch-2;LewFirecode-patch-3;LewFirecode-patch-4;LewFirecode-patch-5;LewFirecode-patch-6;OD-1.68.1-R0;feat/allow-ide-stg18;feat/standardize-perf-queues-pin-14;feat/standardize-perf-queues-pin-18;feat/start-script;feat/stg18-maintenance-page;fix/chart-1.0.18-body-size;fix/deploy-housekeeping;fix/ide-ingress-stg;fix/ide-slash-stg;fix/longpolling;fix/preprod-workers-memory;fix/prod-dbmaxconn-queue-channels;fix/stg_iir_rule_record_type_id;fix/stg_recreate_base_skip_xipp_refs_off;fix-queue-config;main;ops/stg_scale_up_after_restore;ops/stg_scale_up_211;ops/stg_scale_0_again","",PARCIAL
nifi-registry-bkp,main,yes,yes,yes,"main","",PARCIAL
xipp-doodba-18,master,no,yes,no,"1-5-faturas;1-6-notas-credito;1-22-contrato-oportunidade;1-28-PIS-COFINS;1-41-diarios;1-50-plano-contas;1-82-lancamentos-diario;1-111-fluxo_caixa;1-185-rep_cf_unificada;2-34-NFS-e;2-41-empresas;3-4-credito-pis-cofins;6-21-motivo-cancelamento;18-0-IMP-XIPP-19378;18.0-IMP-XIPP-19378-develop;44-7-Contratos;80-1-solicitação-pagamento;backup/master-pre-reset-681;backup-master;chore/remove-backfill-step;chore/stg-ci-drop-full-test;chore/update_revs_pre_commit;cleanup/dead-code-private-modules;develop;docs/bi-view-schema-gaps-proposal;docs/deterministic-process;docs/ensaio-do-zero-spec;docs/ensaio-runbooks-refactor;feat/XIPP-18568;feat/allow-ide","",NAO_CONFORME
xipp-doodba-14,main,yes,yes,no,"14.0-FIX-XIPP-20998;14.0-IMP-XIPP-13336;14.0-XIPP-13336-parte-2-release-od-1.71;14.0-XIPP-13336-parte-2;14.0-XIPP-16838-fix-button;14.0-XIPP-16838;14.0-XIPP-17052-fix;14.0-XIPP-CNPJ-ALFANUMERICO;14.0-XIPP-CNPJ-ALFANUMERICO-DEVELOP;14.0-fix-XIPP-16927;14.0-fix-XIPP-17014;14.0-fix-XIPP-17099;14.0-fix-compute_valid_until-XIPP-16744;14.0-fix-compute-valid_until-XIPP-16744;14.0-fix-escodoo;14.0-fix-reason-XIPP-17014;14.0-fix-status-medal;14.0-incidente-medalhas-xipp;14.0-traducao-valid_until-XIPP-16774;Bugfix/XIPP-18129-2;Bugfix/XIPP-18334-TO-V75.6;Bugfix/XIPP-18334;Bugfix/XIPP-18429-TO-V75.6;Bugfix/XIPP-18429;Bugfix/XIPP-18439-to-v75.5;Bugfix/XIPP-18439;FIX/INTERFACE;FIX/RUN_ON;FIX/XIPP-15305;FIX/performance","",PARCIAL
insurance-carrier-api,main,yes,yes,yes,"bugfix/ajusteEnums;certificado-bradesco;certificado-bradesco-dev;chore/XIPP-18419;develop_with_main;develop;develop-old;feat/XIPP-12535-16162;feat/XIPP-14098-stage;feat/XIPP-14098;feat/XIPP-15886;feat/XIPP-16039;feat/XIPP-16162-stage;feat/XIPP-16162-workflow;feat/XIPP-16162-workflow-develop;feat/XIPP-16162-workflow-stage;feat/XIPP-16162;feat/XIPP-17851;feat/XIPP-18058;feat/XIPP-18287;feat/XIPP-19457;feat/XIPP-19465-2.81.0;feat/XIPP-19465;feat/XIPP-19780;feat/XIPP-19805;feat/XIPP-19911;feat/XIPP-20078;feat/XIPP-20176;feat/XIPP-20428-stage;feat/XIPP-20428","PRD;PREPRD",PARCIAL
migration,main,yes,yes,yes,"EPIC_XIPP-10268;Pacote_XIPP11031_stage;Pacote_XIPP-7608_develop;Pacote_XIPP-7608_main;Pacote_XIPP-7608_stage;Pacote_XIPP-7608;Pacote_XIPP-9712-stg;Pacote_XIPP-9712_stg;Pacote_XIPP-9712;VERSAO_2_52_0;XIPP_9480_stg2;XIPP-3034;XIPP-7247-prd;XIPP-7247_dev;XIPP-7247_prd;XIPP-7247_stg;XIPP-7247_stg_2;XIPP-7547_dev;XIPP-7547_prd;XIPP-7547_stg;XIPP-8791_dev;XIPP-8791_main;XIPP-8791_prd;XIPP-8791_stg;XIPP-9477_dev;XIPP-9477_stg;XIPP-9480_stg;XIPP-9480;XIPP-9518;XIPP-9637_dev","",PARCIAL
rh-bff-service,main,yes,yes,yes,"bugfix/XIPP-16521-V2;bugfix/XIPP-18098;bugfix/XIPP-19715;chore/XIPP-19758;develop;feat/XIPP-13495-develop;feat/XIPP-13495;feat/XIPP-14438;feat/XIPP-14485;feat/XIPP-14776-develop;feat/XIPP-14776-stage;feat/XIPP-14776;feat/XIPP-14877-develop;feat/XIPP-14877-stage;feat/XIPP-14877;feat/XIPP-15045-develop;feat/XIPP-15045-stage;feat/XIPP-15045;feat/XIPP-15335-dev;feat/XIPP-15335-fix;feat/XIPP-15335-fix-dev;feat/XIPP-15335-fix-stg;feat/XIPP-15335-stg;feat/XIPP-15335;feat/XIPP-15363-dev;feat/XIPP-15363-stg;feat/XIPP-15363;feat/XIPP-15446-dev;feat/XIPP-15446-fix-release;feat/XIPP-15446-stg","",PARCIAL
commons-xipp,main,yes,yes,yes,"6629_dev;6629_stg;EPIC_XIPP-10268;Pacote_XIPP-7608;Pacote_XIPP-9712-dev;Pacote_XIPP-9712_stg;Pacote_XIPP-9712;VERSAO_2_52_0;XIPP-12175;XIPP-12686_main_changelog;XIPP-13041;aa;aaa;bugfix/XIPP-8184;bugfix/XIPP-8211;bugfix/XIPP-8235;bugfix/XIPP-8260;bugfix/XIPP-8325;bugfix/XIPP-8332;bugfix/XIPP-8372;bugfix/XIPP-8530;bugfix/XIPP-8656-v2;bugfix/XIPP-8726_dev;bugfix/XIPP-8726_stg;bugfix/XIPP-8726;bugfix/XIPP-9011;bugfix/XIPP-9169_main;bugfix/XIPP-9169;bugfix/XIPP-9174_dev;bugfix/XIPP-9174_stg","",PARCIAL
odoo-service,main,yes,yes,yes,"ACTUATOR;AV-2759-develop;EPIC_XIPP-10268;actions_cache_changed_to_v4;bugfix/XIPP-9322;bugfix/XIPP-9587_part_1;bugfix/XIPP-9986;bugfix/XIPP-10365;bugfix/XIPP-10498;bugfix/XIPP-12382;bugfix/XIPP-12821;bugfix/XIPP-12987;bugfix/XIPP-13136;bugfix/XIPP-13349-develop;bugfix/XIPP-13349-stage;bugfix/XIPP-13349;bugfix/XIPP-15214-develop;bugfix/XIPP-15214-stage;bugfix/XIPP-15214;bugfix/XIPP-15693;chore/XIPP-18419;chore/XIPP-19341;develop_old;develop;develop-XIPP-14076;epic/XIPP-2671-develop;epic/XIPP-2671-stage;epic/XIPP-2671;epic/XIPP-8753-develop;epic/XIPP-8753-stage","",PARCIAL
sdi-service,main,yes,yes,yes,"EPIC_XIPP-10268;Pacote_XIPP-7608;Pacote_XIPP-9712-dev;Pacote_XIPP-9712-stg;Pacote_XIPP-9712_develop;Pacote_XIPP-9712_stg;Pacote_XIPP-9712;VERSAO_2_52_0;XIPP-2.45;XIPP-13041;ajuste_merge;bugfix/XIPP-7707_develop;bugfix/XIPP-7707_stage;bugfix/XIPP-7707;bugfix/XIPP-8055_stage;bugfix/XIPP-8055;bugfix/XIPP-8065_dev;bugfix/XIPP-8065_stage;bugfix/XIPP-8065;bugfix/XIPP-8076_develop;bugfix/XIPP-8076_stg;bugfix/XIPP-8076;bugfix/XIPP-8122;bugfix/XIPP-8161;bugfix/XIPP-8309;bugfix/XIPP-8357;bugfix/XIPP-8369_dev;bugfix/XIPP-8369_stg;bugfix/XIPP-8369;bugfix/XIPP-8374_dev","",PARCIAL
avus-doodba-14,main,yes,yes,no,"14.0-AV-3825-REPROCESSAMENTO-NEW;14.0-AV-3825-xipp_nfse_reprocess;14.0-IMP-AV-4000-CNPJ-NEW;14.0-IMP-AV-4000-CNPJ-NEW-DEV;14.0-IMP-AV-4069;14.0-IMP-AVUS-4000-CNPJ-ALFA-PROD;14.0-addons-l10n_br_nfse_barueri;14.0-avus-barueri-XIPP-15079;14.0-commit-barueri;14.0-commit-main-barueri;14.0-deploy-barueri-main;14.0-fix-XIPP-15079-barueri;14.0-fix-barueri-XIPP-15079;14.0-fix-commit-document_status;14.0-fix-develop-discriminacao-servico;14.0-fix-discrimina-avus-2;14.0-fix-document_status-validade;14.0-fix-fiscal_line_ids-dev;14.0-fix-razao-social-acento;14.0-fix-repos-impostos-retidos;14.0-imp-deploy-seg;14.0-prod-deploy-barueri-fiscal_line_ids;14.0-ref-commit-deploy-avus-barueri;19033-2;AV-3169-develop;AV-3169-stg;AV-3169;AV-3172-2;AV-3172-STG;AV-3192","",PARCIAL
xipp-charts,main,yes,yes,yes,"feat/allow-ide;feat/maintenance-page;feat/probes-ratelimit-pin;fix/ide-ingress-rewrite;fix/ide-trailing-slash;fix/maintenance-logo-data-uri;fix/ratelimit-ingress-body-size;fix/readiness-tcp-v14;gh-pages;main","github-pages",PARCIAL
rpa-procedure-collector-bradesco,main,yes,yes,yes,"feat/XIPP-19702;feat/XIPP-21098;main;prd;stg","PRD;STG",PARCIAL
survey-service,main,yes,yes,yes,"chore/XIPP-18104;chore/XIPP-18419;chore/XIPP-19341;develop;epic/XIPP-11242-develop;epic/XIPP-11242;feat/XIPP-12682;feat/XIPP-13583;feat/XIPP-16162-stage;feat/XIPP-16162;feat/XIPP-18058;feat/XIPP-19130;feat/XIPP-19391;feat/XIPP-20078;feature/XIPP-9670;feature/XIPP-9851;feature/XIPP-remove-commons-dependency;java_memory_heap;key-vault;key-vault-dev;key-vault-stage;main;main-avus;preprod;release/v2.74.1;release/v2.75.0;release/v2.78.0;release/v2.79.0;release/v2.80.0;snyk-fix-c33abc6c26249a924f73190073914795","",PARCIAL
insurancepricing-service,main,yes,yes,yes,"bug/XIPP-17217;bugfix/XIPP-9976;bugfix/XIPP-11196;bugfix/XIPP-12849;bugfix/XIPP-14600;chore/XIPP-18104;chore/XIPP-18419;chore/XIPP-19341;chore/XIPP-19758;develop_old;develop_with_main;develop;epic/XIPP-11239-develop;epic/XIPP-11239-stage;epic/XIPP-11239;feat/XIPP-13583;feat/XIPP-14470;feat/XIPP-14716;feat/XIPP-14872;feat/XIPP-16162;feat/XIPP-18058;feat/XIPP-18251;feat/XIPP-20078;feat/main_to_develop;feature/XIPP-9282;feature/XIPP-9366;feature/XIPP-9851;feature/XIPP-9886;feature/XIPP-12675-no-commons;feature/XIPP-12675","",PARCIAL
socialnetwork-service,main,yes,yes,yes,"bugfix/XIPP-8530;bugfix/XIPP-12346;chore/XIPP-18419;chore/XIPP-19341;develop_old;develop_with_main;develop;epic/XIPP-11242-develop;epic/XIPP-11242;feat/AV-2761-develop;feat/AV-2761-stage;feat/AV-2761;feat/RTH-3363;feat/XIPP-12683;feat/XIPP-13414-devin;feat/XIPP-13583;feat/XIPP-13895-dev;feat/XIPP-13895-stg;feat/XIPP-13895;feat/XIPP-16162;feat/XIPP-18058;feat/XIPP-18470;feat/XIPP-19130;feat/XIPP-19391;feat/XIPP-19848;feat/XIPP-20078;feat/XIPP-20080;feat/XIPP-20820;feat/epic-RTH-3302-develop;feat/epic-RTH-3302-stage","",PARCIAL
report-service,main,yes,yes,yes,"chore/XIPP-18104;chore/XIPP-19341;develop;feat/XIPP-13583;feat/XIPP-16162;feat/XIPP-20078;feature/XIPP-9670;feature/XIPP-9851;fix/XIPP-16162;main;main-avus;preprod;snyk-fix-0e90225bae620a10b438a0a9e7b24f41;snyk-upgrade-9f0735af49513d58b7b8fb9d3626e5eb;snyk-upgrade-42a1c19bb8f5e33020a12e3b6f3e65c7;snyk-upgrade-62c853c4648ead2acc103707069f7999;snyk-upgrade-da374e450fc65f864661701826e8f08e;snyk-upgrade-dbcbb25ac941fa79bcc2d11d340d4cfb;stage;uat","",PARCIAL
maioridade-worker,main,yes,yes,yes,"develop;epic/XIPP-2671;feat/XIPP-13400;feat/XIPP-14087;feat/XIPP-16162;feat/XIPP-18058;feat/XIPP-19391;fix/XIPP-14684;main;preprod;release/v2.74.1;release/v2.75.0;release/v2.76.0;release/v2.80.2;stage;uat","",PARCIAL
healthcare-service,main,yes,yes,yes,"aaa;bugfix/XIPP-8260;bugfix/XIPP-8738;bugfix/XIPP-9037;bugfix/XIPP-9195;bugfix/XIPP-12633;chore/XIPP-18104;chore/XIPP-18419;chore/XIPP-19341;develop_old;develop;epic/XIPP-11242-develop;epic/XIPP-11242;feat/XIPP-12685;feat/XIPP-13418;feat/XIPP-13583;feat/XIPP-16162;feat/XIPP-18058;feat/XIPP-20078;feature/XIPP-8503;feature/XIPP-9670;feature/XIPP-9851;feature/XIPP-security-bola-fix;fix/XIPP-14469;fix/XIPP-19559;fix/develop_merge_main;fix/stage_merge_main;java_memory_heap;key-vault;key-vault-dev","",PARCIAL
euprotegido-service,main,yes,yes,yes,"XIPP-7600-9242;bugfix/XIPP-8260;bugfix/XIPP-8332;bugfix/XIPP-9037;bugfix/XIPP-10226_stg;bugfix/XIPP-10226;bugfix/XIPP-10874;bugfix/XIPP-12801;bugfix/XIPP-13070;bugfix/XIPP-13487-develop;bugfix/XIPP-13487-stage;bugfix/XIPP-13487;bugfix/XIPP-13514;bugfix/XIPP-14833;chore/XIPP-18419;chore/XIPP-19341;develop_old;develop;epic/XIPP-6484;epic/XIPP-7600;feat/AV-2148-develop;feat/AV-2148-prod;feat/AV-2148-stage;feat/XIPP-12680-develop;feat/XIPP-12680-stage;feat/XIPP-12680;feat/XIPP-13107;feat/XIPP-13583;feat/XIPP-14241-stage;feat/XIPP-14241","",PARCIAL
drive-service,main,yes,yes,yes,"bugfix/XIPP-8236;bugfix/XIPP-9671;bugfix/XIPP-14422;bugfix/XIPP-16843;bugfix/XIPP-16864;chore/XIPP-15801;chore/XIPP-18419;chore/XIPP-19341;develop_old;develop;develop-XIPP-14422;epic/XIPP-8753-stage;epic/XIPP-8753;feat/XIPP-12679-develop;feat/XIPP-12679-stage;feat/XIPP-12679;feat/XIPP-13583;feat/XIPP-15363-devin;feat/XIPP-15363-devin-fix;feat/XIPP-15363;feat/XIPP-15864;feat/XIPP-16162-old;feat/XIPP-16162-stage;feat/XIPP-16162;feat/XIPP-16692-ws;feat/XIPP-16692;feat/XIPP-16853-devin;feat/XIPP-16853-devin-dev;feat/XIPP-16853-fix;feat/XIPP-16853-fix-dev","",PARCIAL
sdi-frontend,main,yes,yes,yes,"EPIC_XIPP-10268;FIX/XIPP-9880-dev;FIX/XIPP-9880-stg;FIX/XIPP-9880;IT/XIPP-10202-dev;IT/XIPP-10202-stg;IT/XIPP-10202;IT/XIPP-10494-dev;IT/XIPP-10494-stg;IT/XIPP-10494;XIPP-11544_DEV;atualização_calendario_mov;automacao_selenium;automacao_selenium-dev;automacao_selenium-stg;bug/XIPP-19369;bugfix/XIPP-8675;bugfix/XIPP-8711;bugfix/XIPP-9199_dev;bugfix/XIPP-9199_stg;bugfix/XIPP-9199;bugfix/XIPP-9523;bugfix/XIPP-9530;bugfix/XIPP-9883_dev;bugfix/XIPP-9883_stg;bugfix/XIPP-9883;bugfix/XIPP-10075_dev;bugfix/XIPP-10075_stg;bugfix/XIPP-10075;bugfix/XIPP-10087-dev","",PARCIAL
l10n-brazil,18.0,no,yes,no,"1-50-plano-contas;17.0-fix-l10n_br_account;17.0-mig;17.0-mig-add-cnpj-search;17.0-mig-add-l10n_br_cnpj_search;17.0-mig-l10n_br_account_due_list;17.0-mig-l10n_br_account_payment_order;17.0-mig-l10n_br_account;17.0-mig-l10n_br_base;17.0-mig-l10n_br_cnab_structure;17.0-mig-l10n_br_cnpj_search;17.0-mig-l10n_br_coa_generic;17.0-mig-l10n_br_coa;17.0-mig-l10n_br_contract;17.0-mig-l10n_br_crm;17.0-mig-l10n_br_fiscal_certificate;17.0-mig-l10n_br_fiscal_closing;17.0-mig-l10n_br_fiscal;17.0-mig-l10n_br_hr;17.0-mig-l10n_br_mis_report;17.0-mig-l10n_br_nfse_paulistana;17.0-mig-l10n_br_nfse;17.0-mig-l10n_br_portal;17.0-mig-l10n_br_purchase;17.0-mig-l10n_br_resource;17.0-mig-l10n_br_sale;17.0-mig-l10n_br_zip;17.0-mig-xipp_adm_tax_config;18.0-XIPP-15079-fix-view-active-id;18.0-XIPP-15079-nfse-paulistana-rtc","",NAO_CONFORME
rules-validation-core,main,yes,yes,yes,"chore/XIPP-15518;develop;feat/XIPP-19963;hotfix_arquivos_nao_deletados;main;stage","",PARCIAL
avus-k8s-deploy,main,yes,yes,no,"auto-deploy;feat/start-script;fix-queue-config;main;new-prod","",PARCIAL
migration-analytics,main,yes,yes,yes,"BI-240;BI-349;BI-350;BI-351;BI-352;BI-353;BI-360;BI-394;BI-427;BI-429;BI-462;BI-517;BI-542;BI-544;BI-545;BI-569;BI-577;BI-578;BI-586;BI-588;BI-605;BI-610;Feature/XIPP-20926;XIPP-7245;XIPP-7247-prd;XIPP-7247;XIPP-7249;XIPP-7711;XIPP-8394;XIPP-8485","",PARCIAL
euprotegido-frontend,master,no,yes,no,"bug/XIPP-19589;develop;feat/XIPP-13426-develop;feat/XIPP-13426-stage;feat/XIPP-13426;feat/XIPP-16644-dev;feat/XIPP-16644-stg;feat/XIPP-16644;feat/XIPP-16730;feat/XIPP-17936;feat/adjust-meta;feature/XIPP-20725;fix/XIPP-18347;master;new-origin/master;origin/XIPP-172;origin/XIPP-243;origin/devops;origin/feature/XIPP-182;origin/feature/XIPP-924;origin/feature/XIPP-980;origin/feature/fix-assessment;origin/feature/fix-google-address;origin/feature/fix-telemedicine;origin/feature/xipp-179;origin/fix-build3;origin/heroku-update;origin/hotfix/2.0.7.2;origin/hotfix/2.0.7.3;origin/hotfix/2.0.7.4","",NAO_CONFORME
xipp-aggregator,main,yes,yes,yes,"18.0;main","",PARCIAL
canalprotegido-frontend,main,yes,yes,yes,"bugfix/XIPP-9350;bugfix/XIPP-9439;bugfix/XIPP-10503;docs/XIPP-13713;feat/XIPP-11197;feat/XIPP-12150;feat/XIPP-12156;feat/XIPP-12160;feat/XIPP-12367;feat/XIPP-12387;feat/XIPP-13128;feat/XIPP-13141;feat/XIPP-13142;feat/XIPP-13148;feat/XIPP-13183;feat/XIPP-13186;feat/XIPP-13268;feat/XIPP-13352;feat/XIPP-13354;feat/XIPP-13383;feat/XIPP-13409;feat/XIPP-13417;feat/XIPP-13439;feat/XIPP-13440;feat/XIPP-13463;feat/XIPP-13464;feat/XIPP-13472;feat/XIPP-13478;feat/XIPP-13489;feat/XIPP-13511","",PARCIAL
xipp-odoo-addons,18.0,no,yes,no,"1-111-fluxo_caixa;18.0;backup/18.0-before-oca-migration;fix/XIPP-1769188627-web-assets-main-js;fix/contract-signing-esign-xmlids;fix/duplicate-tour-key;fix/helpdesk-ticket-custom;fix/helpdesk-ticket-view-priority;fix/js-props-mismatch-bank-rec-and-helpdesk-dashboard;fix/make-private-models-installable-again;fix/menu-financeiro;fix/po-medina-helpdesk-slas;fix/pre-commit;fix/remove-v14-documents-stale;fix/report-expense-to-approve-rights;fix/translate;fix/v18-lazy-bundle-syntax-and-glob;fix/v18-post-migration-cleanup;fix/validator-20260320;fix/xipp-esing;fix/xipp-webclient-owl-v18-template;fix/1-7-pagamentos;fix/1-7-pagamentos-correcao;fix/1-17-relatorios-financeiros;fix/1-19;fix/1-100-pagamentos;fix/1-103-painel;fix/6-42-analise-status-sla;fix/9.29_tarefa;fix/10-3-signatarios","",NAO_CONFORME
security-service,main,yes,yes,yes,"EmailTokenService;bugfix/XIPP-8066;bugfix/XIPP-8656-v2;bugfix/XIPP-8656;bugfix/XIPP-8738;bugfix/XIPP-9011;bugfix/XIPP-9080;bugfix/XIPP-9161;bugfix/XIPP-9457;bugfix/XIPP-9464;bugfix/XIPP-10498;bugfix/XIPP-11438;bugfix/XIPP-12536;bugfix/XIPP-13451;bugfix/XIPP-13670-devin;bugfix/XIPP-13670-devin-develop;bugfix/XIPP-13670-devin-stage;bugfix/XIPP-13962;chore/XIPP-18419;chore/XIPP-19341;develop_old;develop;devin/ticket-type-hierarchy-enhancement;devin/ticket-type-hierarchy-enhancement-stage;devin/1746540874-fix-hsts-vulnerability;devin/1746806331-financial-group-ticket-type;devin/1755700173-create-servicos-menu-permission-script;epic/AV-2150-develop;epic/AV-2150-prod;epic/AV-2150-stage","",PARCIAL
lp-mais-familia,main,yes,yes,yes,"develop;feat/AV-3949;feat/AV-4056-dev;feat/AV-4056-stg;feat/AV-4056;feat/AV-4084-dev;feat/AV-4084-stg;feat/AV-4084;feat/AV-4100-dev;feat/AV-4100-stg;feat/AV-4100;feat/modular-hml;fix/environment;fix/fix-bugs-jornada;fix/fix-homologacao;hml;main;pacote-release/1.1.0;release/1.136.0;stage","",PARCIAL
rpa-movement-sulamerica,prd,yes,yes,yes,"feat/XIPP-19774;feat/XIPP-20614;feat/XIPP-21159;main;prd;stg","PRD;STG",NAO_CONFORME
commons-security-xipp,main,yes,yes,yes,"chore/XIPP-12678;develop;feat/XIPP-13495;feat/XIPP-14445;feat/XIPP-15452;feat/XIPP-16162;feat/XIPP-17227;feat/XIPP-17460;feat/XIPP-19388;feat/XIPP-19391-2.79;feat/XIPP-19391-2.80;feat/XIPP-19391;feature/XIPP-12884;main;preprod;release/v2.79.0;release/v2.80.0;release/v2.84.0;stage;uat","",PARCIAL
contract-service,main,yes,yes,yes,"EPIC_XIPP-10268;Pacote_XIPP-9712_develop;Pacote_XIPP-9712;VERSAO_2_52_0;XIPP-9163-DEV;XIPP-9163-STG;XIPP-9183-DEV;XIPP-9183-STG;XIPP-12175;aaa;backup_main;bugfix/XIPP-8332;bugfix/XIPP-8372-main;bugfix/XIPP-8372_stage;bugfix/XIPP-8372;bugfix/XIPP-8618;bugfix/XIPP-8726_dev;bugfix/XIPP-8726_stg;bugfix/XIPP-8726;bugfix/XIPP-8781;bugfix/XIPP-8842;bugfix/XIPP-9163-develop;bugfix/XIPP-9163-stage;bugfix/XIPP-9163;bugfix/XIPP-9183-stg;bugfix/XIPP-9467-dev;bugfix/XIPP-9467-stg;bugfix/XIPP-9467;bugfix/XIPP-9587-stg;bugfix/XIPP-9587_part_1","",PARCIAL
payment-service,main,yes,yes,yes,"bugfix/XIPP-12987-develop;bugfix/XIPP-12987-stage;bugfix/XIPP-12987;chore/XIPP-18104;chore/XIPP-18419;chore/XIPP-19341;develop;epic/XIPP-11242-develop;epic/XIPP-11242;feat/XIPP-12678-dev;feat/XIPP-12678;feat/XIPP-13583;feat/XIPP-16162-old;feat/XIPP-16162-stage;feat/XIPP-16162;feat/XIPP-18058;feat/XIPP-20078;feature/XIPP-4674;feature/XIPP-9670;feature/XIPP-9851;java_memory_heap;key-vault;key-vault-dev;key-vault-stage;main;main-avus;preprod;release/v2.74.1;release/v2.75.0;snyk-fix-430908807b82b7e5781b7d269c6bc4ac","",PARCIAL
platform-backend,main,yes,yes,yes,"chore/XIPP-18419;configs-igor-temp;develop;develop-XIPP-14167;feat/XIPP-14167;feature/XIPP-4674;feature/api-operadoras;feature/external-systems-status;main;refact/upgrade-java-config;sdi_pacote_cancelamento;story/21001;xipp-21001","",PARCIAL
sdi-bff-service,main,yes,yes,yes,"chore/XIPP-18104;develop;feat/XIPP-16162;feat/XIPP-16647-develop;feat/XIPP-16647;feat/XIPP-17767;feat/XIPP-19391-develop;feat/XIPP-19391;feat/XIPP-19565;feat/XIPP-20078;feat/XIPP-20170;feat/pipeline-uat;feature/XIPP-16646;main;pacote-mapa-v2.76.0;preprod;release/v2.76.0;release/v2.76.1;release/v2.77.0;release/v2.80.0;release/v2.82.0;stage;uat","",PARCIAL
auth-service,main,yes,yes,yes,"aa;bugfiix/XIPP-9011;bugfix/XIPP-9161;bugfix/XIPP-13670-devin;bugfix/XIPP-13670-devin-develop;bugfix/XIPP-13670-devin-stage;bugfix/XIPP-16625;chore/XIPP-18419;develop_old;develop_with_main;develop;develop-XIPP-14452;develop-XIPP-14489;feat/AV-2096-prod;feat/AV-2096;feat/AV-2763-develop;feat/AV-2763;feat/XIPP-4880-develop;feat/XIPP-4880-fix;feat/XIPP-4880-fix-dev;feat/XIPP-4880-fix-stg;feat/XIPP-4880;feat/XIPP-12337;feat/XIPP-13535;feat/XIPP-13583;feat/XIPP-14343;feat/XIPP-14489;feat/XIPP-15597;feat/XIPP-15897;feat/XIPP-16162","",PARCIAL
flutter-code-base,main,yes,yes,no,"main","",PARCIAL
analytics-bff-service,main,yes,yes,yes,"develop;feat/XIPP-15972-NEW;feat/XIPP-15972_DEV;feat/XIPP-15972_STG;feat/XIPP-15972;feat/XIPP-15972_2.84.0;feat/XIPP-19656-dev;feat/XIPP-19656;feat/XIPP-19676;feat/XIPP-19707-dev;feat/XIPP-19707;feat/XIPP-19941;feat/XIPP-20977-20979-2.84;feat/XIPP-20977-20979;feat/XIPP-20977-dev;feat/XIPP-20977;feat/XIPP-20979-dev;feat/XIPP-20979-stg;feat/XIPP-20979;fix/dev-uat;fix/stage-uat;main;preprod;procedure-stg;release/v2.84.0;revert-61-fix/dev-uat;revert-62-fix/stage-uat;stage;uat","",PARCIAL
rpa-commons,main,yes,yes,yes,"bugfix/XIPP-14798;feat/XIPP-16701;feat/XIPP-17183;feat/XIPP-17646;feat/XIPP-17815;feat/XIPP-21095;feat/XIPP-correcao_erro;feat/xipp-14004;feature/XIPP-13537;feature/XIPP-14958;feature/XIPP-15169;feature/XIPP-15172;feature/XIPP-15505;feature/XIPP-16094;feature/XIPP-16123;feature/XIPP-16701;feature/XIPP-documentos-azure-table;feature/log_portais_acessos;feature/1752865545-github-actions-versioning;fix/XIPP-16111;fix/get_contract_porto;fix/xipp-14809;hotfix/XIPP-14790;main","",PARCIAL
mrh360-backend-infra,main,yes,yes,no,"features/application;features/management;features/networking;features/storage;infra-csd;main","",PARCIAL
mrh360-frontend-infra,main,yes,yes,no,"infra-csd;main","",PARCIAL
mrh360-cosmosdb-import,main,yes,yes,no,"main","",PARCIAL
mrh360-timesheet-backend-api-tsheet,master,no,yes,no,"master","",NAO_CONFORME
mrh360-public-api,master,no,yes,no,"develop;master","",NAO_CONFORME
mrh360-history-library,master,no,yes,no,"develop;feature/ef;master","",NAO_CONFORME
mrh360-teste-timesheet-backend-api-tsheet,main,yes,yes,no,"main","",PARCIAL
mrh360-financial-provider-swap,main,yes,yes,no,"main;refactor/swap-api-standardization","",PARCIAL
mrh360-doc-for-developer,main,yes,yes,no,"main","",PARCIAL
mrh360-rpa-busca-candidato-catho,main,yes,yes,no,"main","",PARCIAL
mrh360-importador,main,yes,yes,no,"feature/gf/importa-competencia;main","",PARCIAL
docs-generator,main,yes,yes,no,"develop;main;preprod;stage;uat","",PARCIAL
movement-api,main,yes,yes,yes,"actions_cache_changed_to_v4;bugfix/XIPP-15595;bugfix/XIPP-15944;develop_temp;develop_temp2;develop;epic/XIPP-2671;feat/XIPP-12197_dev;feat/XIPP-12197;feat/XIPP-13546;feat/XIPP-16037;feat/XIPP-16162;feat/XIPP-18058;feat/XIPP-18286;feat/XIPP-18495;feat/XIPP-18576;feat/XIPP-19215;feat/XIPP-19391;feat/XIPP-19804-2.84.0;feat/XIPP-19804-merge-develop;feat/XIPP-19804-merge-stage;feat/XIPP-19804;feat/XIPP-20078;feat/XIPP-20874;feature/MOVEMENT-V1;feature/MOVEMENT-V2;feature/XIPP-10478;feature/XIPP-10734;feature/XIPP-11550_unit_tests;feature/XIPP-12542","develop",PARCIAL
rpa-service,main,yes,yes,yes,"develop;feature/xipp-19248;main;preprod;stage;uat","Development;PreProd;Production;Stage;UAT",PARCIAL
xipptech-ai-engine,develop,no,yes,no,"develop","",NAO_CONFORME
app-manager,main,yes,yes,yes,"XIPP-20725;develop;feat/XIPP-10803;feat/XIPP-10829;feat/XIPP-10832;feat/XIPP-10853;feat/XIPP-11162;feat/XIPP-11166;feat/XIPP-12153;feat/XIPP-12369;feat/XIPP-12494;feat/XIPP-12532;feat/XIPP-13855;feat/XIPP-13889;feat/XIPP-13890;feat/XIPP-13899;feat/XIPP-13944;feat/XIPP-13958-dev;feat/XIPP-13958;feat/XIPP-14001;feat/XIPP-14002;feat/XIPP-14186;feat/XIPP-14187;feat/XIPP-14254;feat/XIPP-14297;feat/XIPP-15415;feat/XIPP-15476;feat/XIPP-15909;feat/XIPP-16560;feat/XIPP-16645-dev","Develop;Production",PARCIAL
mis-builder,18.0,no,yes,no,"17.0-mig;17.0-mig-mis_builder_budget;17.0-mig-mis_builder_demo;17.0-mig-mis_builder;18.0;backup-18.0-20260406;fix/1-122","",NAO_CONFORME
online-admission-service,main,yes,yes,no,"develop;main","",PARCIAL
rest-framework,18.0,no,yes,no,"17.0-mig;17.0-mig-datamodel;18.0;backup-18.0-20260406","",NAO_CONFORME
euprotegido-bff-service,main,yes,yes,no,"main","",PARCIAL
doodoo,main,yes,yes,no,"develop;main","",PARCIAL
nifi-financial-groovy-scripts,main,yes,yes,no,"bugfix/xipp-14183;feat/XIPP-20480;fix/XIPP-19468;fix/XIPP-20737;main;snyk-upgrade-607cc3875109266637d6d58e52946d8b;snyk-upgrade-41116357d6540ef55080c0242babeb0f;snyk-upgrade-b6019ecc070c9f653955cbb6a26620ec;snyk-upgrade-d0a3569b59bb0b11422818c1060f955d","",PARCIAL
bff-servicos,main,yes,yes,yes,"chore/logging;develop;epic/XIPP-2671;feat/XIPP-13400;feat/XIPP-13515;feat/XIPP-13682;feat/XIPP-14085;feat/XIPP-14087;feat/XIPP-16162;feat/XIPP-18058;feat/XIPP-19391;feature/XIPP-16270;fix/XIPP-14684;fix/XIPP-16187;main;preprod;release/v2.74.1;release/v2.75.0;release/v2.79.0;release/v2.80.0;release/2.71.0;revert-48-feat/XIPP-14087;revert-49-revert-48-feat/XIPP-14087;stage;uat","",PARCIAL
nifi-flow-repo,main,yes,yes,yes,"main","",PARCIAL
rhprotegido-frontend,main,yes,yes,yes,"IT/XIPP-12364;IT/XIPP-12420;IT/XIPP-12508;IT/XIPP-12533;IT/XIPP-12597;RH-2.10.13;add-token-GH_PAT;bugfix/XIPP-8280;bugfix/XIPP-9913;bugfix/XIPP-16858;bugfix/XIPP-17026-develop;bugfix/XIPP-17026;bugfix/XIPP-18053;bugfix/XIPP-18098;develop;epic/XIPP-7711;epic/XIPP-8753-dev;epic/XIPP-8753-stg;epic/XIPP-8753;feat/XIPP-8269-main;feat/XIPP-11023;feat/XIPP-11036;feat/XIPP-11040;feat/XIPP-11053;feat/XIPP-11081;feat/XIPP-11110;feat/XIPP-11113;feat/XIPP-12388;feat/XIPP-12904;feat/XIPP-12910","",PARCIAL
rpa-operation-bradesco-webtran-monthly,prd,no,yes,no,"bugfix/XIPP-14798;dev;feat/XIPP-14265;feat/XIPP-15614;feat/XIPP-18022;fix/XIPP-16111;hotfix/XIPP-14790;prd;stg","PRD;STG",NAO_CONFORME
euprotegido,main,yes,yes,yes,"bugfix/XIPP-8530;devin/1746806176-financial-group-ticket-type;devin/1746808292-conditional-atendimento-button;devin/1747147820-restrict-atendimento-functionality;feat/XIPP-11201-login-as;feat/XIPP-12029;feat/XIPP-12124;feat/XIPP-12127;feat/XIPP-12129;feat/XIPP-12191;feat/XIPP-12193;feat/XIPP-12224-aux;feat/XIPP-12224;feat/XIPP-12324;feat/XIPP-12448;feat/XIPP-12459;feat/XIPP-12507;feat/XIPP-12522;feat/XIPP-12608;feat/XIPP-12633;feat/XIPP-13571;feat/XIPP-13741;feat/XIPP-13886;feat/XIPP-14268;feat/XIPP-14271;feat/XIPP-14272;feat/XIPP-14310;feat/XIPP-14311;feat/XIPP-14332;feat/XIPP-14344","",PARCIAL
mrh360-pipelines,main,yes,yes,no,"main","",PARCIAL
mrh360-flex-frontend,main,yes,yes,no,"main","",PARCIAL
mrh360-flex-banking-app-backend,main,yes,yes,no,"2360/DesbloquearCartoes;feature/controle-financeiro;feature/dashboard-extrato;feature/4244,LerQrCodeCartao;features/2281.CadastroEmpresa;features/2362.SolicitarCartoes;features/2372.ModuloCartoes;features/4251.CriarAlterarSenhaCartao;main;task/2626.ImplementingRepository;tasks/2357.VincularCartoes;tasks/2361.ConsultarCartoesEmpresa;tasks/2373.IntegracaoProvedorFinanceiro;tasks/3882.ImplementingRabbitMQ;tasks/3928.GenerateQrCode;tasks/4141.DecodificarPix;tasks/4170.EnvioEmpresaProvedorFinanceiro","",PARCIAL
config-xipp,main,yes,yes,yes,"ROTINAS-develop;bugfix/XIPP-7707_develop;bugfix/XIPP-7707_stage;bugfix/XIPP-7707;bugfix/XIPP-13496;chore/XIPP-12283;chore/XIPP-15679;chore/java-upgrade;develop;devin/1746544720-update-security-service-config;epic/XIPP-2671-PREPROD;epic/XIPP-2671;epic/XIPP-11239-develop;epic/XIPP-11239-stage;epic/XIPP-11239;epic-2671-stg;feat/XIPP-12331-dev;feat/XIPP-12331-preprod;feat/XIPP-12331-stg;feat/XIPP-12331;feat/XIPP-13106;feat/XIPP-13583;feat/XIPP-14438-preprod;feat/XIPP-14438-stage;feat/XIPP-14438;feat/XIPP-15972;feat/XIPP-16162;feat/XIPP-16627-uat;feat/XIPP-16646-develop;feat/XIPP-16646","DEV;PRD;PREPRD;STG",PARCIAL
payroll-service,main,yes,yes,yes,"XIPP-6596---Integração-Sinergy;XIPP-7208---arquitetura-projeto;bugfix/XIPP-8656;bugfix/XIPP-14072;bugfix/XIPP-14709;bugfix/XIPP-17850;chore/XIPP-19758;develop;develop-old;feat/XIPP-12674-develop;feat/XIPP-12674-stage;feat/XIPP-12674;feat/XIPP-12884-develop;feat/XIPP-13583;feat/XIPP-15783;feat/XIPP-15784;feat/XIPP-16032;feat/XIPP-16162;feat/XIPP-18058;feat/XIPP-19391;feat/XIPP-20078;feat/XIPP-20505;feature/Sinergy-fix;feature/Sinergy-fix-main;feature/Sinergy-stg;feature/XIPP-6931;feature/XIPP-7633;feature/XIPP-7687---mocimentação;feature/XIPP-8819;feature/XIPP-9851","",PARCIAL
rpa-operation-seguros-unimed-invoice-coparticipation,prd,no,yes,no,"bugfix/XIPP-14798;detached;dev;feat/XIPP-13703;feat/XIPP-15451;feat/XIPP-17823;feat/XIPP-18118;feat/XIPP-19984;feature/XIPP-13703-devin;feature/XIPP-13703;fix/XIPP-15451;hotfix/XIPP-14790-black-fix;hotfix/XIPP-14790;prd;stg","PRD;STG",NAO_CONFORME
rhfarma,main,yes,yes,no,"feat/AV-2525;feat/AV-2526;feat/AV-2527;feat/AV-4063;feat/XIPP-12152;feat/XIPP-12411;feat/XIPP-12475;feat/XIPP-12528;feat/XIPP-13889;feat/XIPP-13899;feat/XIPP-13972;feat/XIPP-13983;feature/AVF-1507;feature/AVF-1508;feature/AVF-1510;feature/AVF-1511;fix/AVF-1513;main;origin/feature/AFV-1192;origin/feature/AVF-1186;origin/feature/AVF-1189;origin/feature/AVF-1191;origin/feature/AVF-1193;origin/feature/AVF-1195;origin/feature/AVF-1198;origin/feature/AVF-1199;origin/feature/AVF-1200;origin/feature/AVF-1490;origin/main","",PARCIAL
flutter-commons-widgets,main,yes,yes,yes,"feat/AV-2541;feat/AV-2544;feat/AV-2577;feat/AV-2923;feat/AV-4063;feat/RTH-2854;feat/RTH-3310;feat/RTH-3322;feat/RTH-3337;feat/RTH-3339;feat/RTH-3353;feat/RTH-3355;feat/RTH-3362;feat/RTH-3366;feat/RTH-3376;feat/XIPP-10853;feat/XIPP-11166;feat/XIPP-11189;feat/XIPP-11259;feat/XIPP-12475;feat/XIPP-12518;feat/XIPP-12532;feat/XIPP-12553;feat/XIPP-12638;feat/XIPP-13472;feat/XIPP-13858;feat/XIPP-13861;feat/XIPP-13889;feat/XIPP-13890;feat/XIPP-13899","",PARCIAL
external-systems-status-service,main,yes,yes,yes,"antonio-prospero-xipptech-patch-1;chore/preprod;develop;feat/XIPP-19776;main;preprod;release/v2.82.0;stage","DEV;PREPROD;PRODUÇÃO;STG;UAT",PARCIAL
web,18.0,no,yes,no,"17.0-mig;18.0;backup-18.0-20260406;fix/validator-20260320-web;task/XIPP-19351","",NAO_CONFORME
server-ux,18.0,no,yes,no,"17.0-mig;17.0-mig-date_range_account;17.0-mig-date_range;18.0-data-range-pt-BR-translation;18.0;backup-18.0-20260406","",NAO_CONFORME
rhprotegido.app,main,yes,yes,no,"develop;feat/RTH-3310;feat/RTH-3322;feat/RTH-3326;feat/RTH-3337;feat/RTH-3339;feat/RTH-3341;feat/RTH-3353;feat/RTH-3355;feat/RTH-3362;feat/RTH-3366;feat/RTH-3376;feat/RTH-3379;feat/RTH-3381;feat/RTH-3387;feat/RTH-3394;feat/RTH-3405;feat/RTH-3410;feat/RTH-3454;feat/RTH-3456;feat/XIPP-12532;feat/XIPP-13890;feat/XIPP-13899;feat/XIPP-13953;feat/XIPP-13964;feat/XIPP-13968;feat/XIPP-14002;feature/RTH-2854;feature/XIPP-init-project;fix/theme","Production",PARCIAL
account-financial-reporting,18.0,no,yes,no,"17.0-mig;17.0-mig-mis_builder_cash_flow;18.0;backup-18.0-20260406;fix/translate_v2;fix/translate","",NAO_CONFORME
rabbitmq,develop,no,yes,no,"develop;edit-pipeline;hostname-container;revert-1-edit-pipeline;stage","DEVELOP",NAO_CONFORME
meurh360-beneflex,app-hm,no,yes,no,"app-hm;app-prd;fix/mrh-590-estacionamento","",NAO_CONFORME
mis-builder-contrib,18.0,no,yes,no,"18.0-add-mis_builder_bi_sql_editor;18.0;feat/mis_builder_bi_sql_editor","",NAO_CONFORME
driveconfig-frontend,main,yes,yes,yes,"develop;feat/AV-19535-stg;feat/XIPP-13426;feat/XIPP-16730;feat/XIPP-16766;feat/XIPP-19535-dev;feat/XIPP-19535-stg;feat/XIPP-19535;main;master;origin/devops;origin/feature/AR-31;origin/hotfix/1.3.1.1;origin/master;origin/release/1.2.0;origin/release/1.3.0;origin/release/1.3.1;origin/release/1.3.2;origin/release/1.3.3;origin/release/1.3.4;origin/release/1.3.5;pacote-release1.6.0;pacote-release/1.7.0;preprod;snyk-fix-0e86c537ce61e0d206d02568af2185b3;snyk-fix-475c9e6c2ef1a4c0596909063a924d65;snyk-fix-dee95ffe2632d5bee43358cf5ff1030a;spike/XIPP-13980-vue2;stage;uat","",PARCIAL
drive-fronted,main,yes,yes,yes,"develop;epic/XIPP-8753-dev;epic/XIPP-8753-stage;epic/XIPP-8753;feat/XIPP-13426;feat/XIPP-16641;feat/XIPP-16730;feat/XIPP-17808;feat/XIPP-19535-dev;feat/XIPP-19535-stg;feat/XIPP-19535-uat;feat/XIPP-19535;feature/XIPP-11053;feature/XIPP-13726-stg;feature/XIPP-13726;fix/XIPP-12612;fix/XIPP-14618-dev;fix/XIPP-14618-pre;fix/XIPP-14618-stg;fix/XIPP-14618;fix/XIPP-17377-dev;fix/XIPP-17377-stg;fix/XIPP-17377;main;master;origin/bugfix/download;origin/drive-integracao;origin/hotfix/1.2.1.1;origin/master;origin/master-odoo","",PARCIAL
mrh360-app,main,yes,yes,no,"MRH-29-app-parametrizar-via-api-a-exibicao-dos-botoes-de-marcacoes;MRH-104-viusalizacao-do-resultado-da-avaliacao-de-desempenho-no-app;MRH-135-and-MRH-29-app-ponto-digital;MRH-301-app-resultado-avaliacao-colaborador;MRH-317-app-integracao-para-buscar-dados-dos-graficos;MRH-318-app-construcao-do-grafico-aranha;MRH-319-app-carregar-os-graficos-aranha-e-9-box-em-tela;MRH-320-app-construcao-do-grafico-9-box;MRH-327-app-avaliacoes;MRH-566;XIPP-18851-app-crop-da-self-nao-funciona;XIPP-18934-app-perfil-do-colaborador;authorization_refactoring;base_refactoring;block_card_functions;bug/MRH-252-app-alteracao-de-dados-pessoais-e-bancarios-falha-na-restricao-de-datas-futuras-e-limite-retroativo-de-nascimento;bug/MRH-280-validador-data;bug/personal-data;bugfix/clock-record-selfie-location-loss-after-logout;bugfix/document-upload-multiple-issues;bugfix/edit-timesheet-validation-rules;card_configuration;chore/sync-main-into-develop-1.2.0;dashboard_integration;dashboardflex+;develop;error_mobile_scanner;feature/MRH-104;feature/MRH-280-app-ponto-ajustar-exibicao-do-espelho-de-ponto;feature/app-dependent-create-update","",PARCIAL
mrh360-devops-templates,main,yes,yes,no,"main","",PARCIAL
mrh360-backend-certisign-integration,main,yes,yes,no,"main","",PARCIAL
financial-service,main,yes,yes,yes,"chore/XIPP-18419;dev/test;develop;feat/XIPP-12268;feat/XIPP-16162;feat/XIPP-18058;feat/XIPP-19391;feat/XIPP-20078;feat/xipp-12089;feature/XIPP-16270;fix/remove-key-vault-credentials;main;release/v2.79.0;release/v2.80.0;stage;test/elastic","DEV;PRD;PREPRD;STG;UAT",PARCIAL
rules-service,main,yes,yes,yes,"actions_cache_changed_to_v4;develop;feat/XIPP-12223;feat/XIPP-13583;feat/XIPP-16036;feat/XIPP-16162;feat/XIPP-18058;feat/XIPP-18495;feat/XIPP-18576;feat/XIPP-19391;feat/XIPP-20078;feature/MOVEMENT-V1;feature/MOVEMENT-V2;feature/XIPP-12563;feature/XIPP-15879;feature/XIPP-16028;feature/XIPP-16040;feature/XIPP-16238;main;preprod;release/v2.74.1;release/v2.75.0;release/v2.78.0;release/v2.79.0;release/v2.80.0;release/2.72.0;snyk-fix-1e84e0a28cca603ce54804c425f7a071;snyk-fix-f228c342a217442104aa8492cf30e16d;stage;uat","",PARCIAL
invoice-service,main,no,yes,yes,"bugfix/XIPP-13641;bugfix/XIPP-13843;bugfix/XIPP-13864;bugfix/XIPP-13945;bugfix/XIPP-14879;develop;feat/XIPP-13583;feat/XIPP-16034;feat/XIPP-16162;feat/XIPP-17288;feat/XIPP-17326;feat/XIPP-18058;feat/XIPP-19354;feat/XIPP-19355;feat/XIPP-19391;feat/XIPP-20078;feature/XIPP-12787;feature/XIPP-14134;feature/XIPP-14135-compl;feature/XIPP-14135-fix;feature/XIPP-14135;feature/XIPP-14136-ajuste;feature/XIPP-14136;feature/XIPP-14494-fix;feature/XIPP-14494;feature/XIPP-14667-fix;feature/XIPP-14667-it;feature/XIPP-14667-it2;feature/XIPP-14667;feature/XIPP-15091","",PARCIAL
integrator-service,main,yes,yes,yes,"bugfix/XIPP-17934;develop;devin/1752665970-cucumber-integration-tests;feat/XIPP-12026;feat/XIPP-14283;feat/XIPP-16162;feat/XIPP-18058;feat/XIPP-18982;feat/XIPP-20078;feature/XIPP-18983;feature/XIPP-18984;fix/XIPP-15926;fix/XIPP-16427;main;preprod;release/v2.74.1;release/v2.75.0;release/v2.75.1;release/v2.76.0;release/v2.79.0;stage;uat","",PARCIAL
ee-addons,17.0,no,yes,no,"17.0;18.0","",NAO_CONFORME
rpa-operation-bradesco-webtran-daily,prd,no,yes,no,"bugfix/XIPP-14798;dev;feat/XIPP-14265;feat/XIPP-14506;feat/XIPP-14607;feat/XIPP-18022;feat/XIPP-19429;feat/XIPP-20502;feat/xipp-15116;feature/XIPP-15116-stg;fix/XIPP-15111;hotfix/XIPP-14790;hotfix_folder_name;prd;stg","PRD;STG",NAO_CONFORME
rpa-operation-odontoprev-invoice-coparticipation,dev,yes,yes,yes,"dev;devin/1772722679-fix-rpa-bugs-and-refactor;devin/1772727958-inline-ticket-error-handling;feat/XIPP-15008;feat/XIPP-15173;feat/XIPP-15908;feat/XIPP-16451;feat/XIPP-16701;feat/XIPP-17646;feat/XIPP-17815-stg;feat/XIPP-17815;feat/XIPP-17915;feat/XIPP-18094;feat/XIPP-18403;feat/XIPP-19674;feature/XIPP-16141;main;prd;stg","PRD;STG",NAO_CONFORME
account-frontend,main,yes,yes,yes,"develop;diegooliveiraf-patch-1;feat/XIPP-12226-develop;feat/XIPP-12226-stage;feat/XIPP-12226;feat/XIPP-13426;feat/XIPP-16730;feat/XIPP-19535-dev;feat/XIPP-19535-stg;feat/XIPP-19535;feat/XIPP-19536;feature/XIPP-8232;feature/XIPP-9501;fix/XIPP-13308;fix/XIPP-13767;function/XIPP-9068;main;master;origin/bugfix/XIPP-5087;origin/devops;origin/feature/AC69;origin/feature/AC-75;origin/feature/AR-31;origin/feature/XIPP-4881;origin/feature/XIPP-5881;origin/hotfix/1.9.3.2;origin/master;origin/master-odoo;origin/release/1.3.3;origin/release/1.3.4","",PARCIAL
reporting-engine,18.0,no,yes,no,"17.0-mig;17.0-mig-bi_view_editor;17.0-mig-report_xlsx_helper;17.0-mig-sql_request_abstract;17.0-mig-step-1;17.0-upd-bi_sql_editor;17.0-upd-report_xlsx_helper;18.0;backup-18.0-20260406;fix/view_list_sergio;task/XIPP-19351","",NAO_CONFORME
rpa-operation-sulamerica-cadastral-position,prd,no,yes,no,"bugfix/XIPP-14798;dev;feat/XIPP-15115;feat/XIPP-16701;feat/XIPP-19674;fix/XIPP-15111;hotfix/XIPP-14790;prd;snyk-fix-2d166460e06538b51b8b19c85f5bb9d6;snyk-fix-16b0eb2fccb9e0c97efa4a00a3f28873;snyk-fix-21d0e9fd42813fa547fbf70f02d3d6e5;snyk-fix-36b17b400431b3c79a15174d8cc03bef;snyk-fix-431f203892222388ed85a5da8c263181;snyk-fix-839242f85acb5507e8d66590059f6571;snyk-fix-fafba1fcc20e8da761e7b42f1e2f05af;stg","PRD;STG",NAO_CONFORME
xipptech-skills,main,yes,yes,yes,"main","",PARCIAL
code-review-instructions,main,yes,yes,yes,"feat/XIPP-16411;feat/XIPP-16730;feature/XIPP-16270;main","",PARCIAL
