repo,default_branch,has_main,has_master,main_protected,branches,environments,compliance,risk_score,risk_level,risk_reasons
sdi-service,main,yes,yes,no,"EPIC_XIPP-10268;Pacote_XIPP-7608;Pacote_XIPP-9712-dev;Pacote_XIPP-9712-stg;Pacote_XIPP-9712_develop;Pacote_XIPP-9712_stg;Pacote_XIPP-9712;VERSAO_2_52_0;XIPP-2.45;XIPP-13041;ajuste_merge;bugfix/XIPP-7707_develop;bugfix/XIPP-7707_stage;bugfix/XIPP-7707;bugfix/XIPP-8055_stage;bugfix/XIPP-8055;bugfix/XIPP-8065_dev;bugfix/XIPP-8065_stage;bugfix/XIPP-8065;bugfix/XIPP-8076_develop;bugfix/XIPP-8076_stg;bugfix/XIPP-8076;bugfix/XIPP-8122;bugfix/XIPP-8161;bugfix/XIPP-8309;bugfix/XIPP-8357;bugfix/XIPP-8369_dev;bugfix/XIPP-8369_stg;bugfix/XIPP-8369;bugfix/XIPP-8374_dev","",PARCIAL,70,HIGH,"branch_master_existe;main_sem_protecao;compliance_parcial;"
avus-doodba-14,main,yes,yes,no,"14.0-addons-l10n_br_nfse_barueri;14.0-avus-barueri-XIPP-15079;14.0-commit-barueri;14.0-commit-main-barueri;14.0-deploy-barueri-main;14.0-fix-XIPP-15079-barueri;14.0-fix-barueri-XIPP-15079;14.0-fix-commit-document_status;14.0-fix-develop-discriminacao-servico;14.0-fix-discrimina-avus-2;14.0-fix-document_status-validade;14.0-fix-fiscal_line_ids-dev;14.0-fix-razao-social-acento;14.0-fix-repos-impostos-retidos;14.0-imp-deploy-seg;14.0-prod-deploy-barueri-fiscal_line_ids;14.0-ref-commit-deploy-avus-barueri;19033-2;AV-3169-develop;AV-3169-stg;AV-3169;AV-3172-2;AV-3172-STG;AV-3192;AV-3204;AV-3205-stage;AV-3205;AV-3211;AV-3718-develop;IT/XIPP-15291","",PARCIAL,70,HIGH,"branch_master_existe;main_sem_protecao;compliance_parcial;"
k8s-deploy,main,yes,yes,no,"17.0;18.0;LewFirecode-patch-1;LewFirecode-patch-2-preprod;LewFirecode-patch-2;LewFirecode-patch-3;LewFirecode-patch-4;LewFirecode-patch-5;LewFirecode-patch-6;OD-1.68.1-R0;feat/add-operator;feat/logs-prod;feat/longpolling;feat/start-script;feat/update-chart-dev;fix/longpolling;fix-redeploy;main;new-release-18","",PARCIAL,70,HIGH,"branch_master_existe;main_sem_protecao;compliance_parcial;"
xipp-doodba-18,master,no,yes,no,"18.0-account_financial_report;18.0-account-analytic;18.0-account-closing;18.0-account-financial-tools;18.0-account-invoicing;18.0-account-move-import;18.0-account-payment;18.0-bank-payment;18.0-contract;18.0-crm;18.0-design-themes;18.0-dms;18.0-escodoo-account-addons;18.0-hr_expenses;18.0-mis_builder;18.0-partner-contact;18.0-queue;18.0-reporting_engine;18.0-rest-framework;18.0-server_tools;18.0-server-backend;18.0-server-env;18.0-server-ux;18.0-social;18.0-storage;18.0-web;XIPP-16382;add/elastic_apm;develop;diff/OD-1.75.5-RC_v2","",NAO_CONFORME,120,CRITICAL,"default_branch_nao_main;branch_master_existe;main_sem_protecao;nao_conforme;"
migration,main,yes,yes,yes,"EPIC_XIPP-10268;Pacote_XIPP11031_stage;Pacote_XIPP-7608_develop;Pacote_XIPP-7608_main;Pacote_XIPP-7608_stage;Pacote_XIPP-7608;Pacote_XIPP-9712-stg;Pacote_XIPP-9712_stg;Pacote_XIPP-9712;VERSAO_2_52_0;XIPP_9480_stg2;XIPP-3034;XIPP-7247-prd;XIPP-7247_dev;XIPP-7247_prd;XIPP-7247_stg;XIPP-7247_stg_2;XIPP-7547_dev;XIPP-7547_prd;XIPP-7547_stg;XIPP-8791_dev;XIPP-8791_main;XIPP-8791_prd;XIPP-8791_stg;XIPP-9477_dev;XIPP-9477_stg;XIPP-9480_stg;XIPP-9480;XIPP-9518;XIPP-9637_dev","",PARCIAL,30,MEDIUM,"branch_master_existe;compliance_parcial;"
auth-service,main,yes,yes,no,"aa;bugfiix/XIPP-9011;bugfix/XIPP-9161;bugfix/XIPP-13670-devin;bugfix/XIPP-13670-devin-develop;bugfix/XIPP-13670-devin-stage;bugfix/XIPP-16625;chore/XIPP-18419;develop_old;develop_with_main;develop;develop-XIPP-14452;develop-XIPP-14489;feat/AV-2096-prod;feat/AV-2096;feat/AV-2763-develop;feat/AV-2763;feat/XIPP-4880-develop;feat/XIPP-4880-fix;feat/XIPP-4880-fix-dev;feat/XIPP-4880-fix-stg;feat/XIPP-4880;feat/XIPP-13535;feat/XIPP-13583;feat/XIPP-14343;feat/XIPP-14489;feat/XIPP-15597;feat/XIPP-15897;feat/XIPP-16162;feat/XIPP-17460","",PARCIAL,70,HIGH,"branch_master_existe;main_sem_protecao;compliance_parcial;"
odoo-service,main,yes,yes,yes,"ACTUATOR;AV-2759-develop;EPIC_XIPP-10268;actions_cache_changed_to_v4;bugfix/XIPP-9322;bugfix/XIPP-9587_part_1;bugfix/XIPP-9986;bugfix/XIPP-10365;bugfix/XIPP-10498;bugfix/XIPP-12382;bugfix/XIPP-12821;bugfix/XIPP-12987;bugfix/XIPP-13136;bugfix/XIPP-13349-develop;bugfix/XIPP-13349-stage;bugfix/XIPP-13349;bugfix/XIPP-15214-develop;bugfix/XIPP-15214-stage;bugfix/XIPP-15214;bugfix/XIPP-15693;chore/XIPP-18419;chore/XIPP-19341;develop_old;develop;develop-XIPP-14076;epic/XIPP-2671-develop;epic/XIPP-2671-stage;epic/XIPP-2671;epic/XIPP-8753-develop;epic/XIPP-8753-stage","",PARCIAL,30,MEDIUM,"branch_master_existe;compliance_parcial;"
survey-service,main,yes,yes,no,"chore/XIPP-18104;chore/XIPP-18419;chore/XIPP-19341;develop;epic/XIPP-11242-develop;epic/XIPP-11242;feat/XIPP-12682;feat/XIPP-13583;feat/XIPP-16162-stage;feat/XIPP-16162;feat/XIPP-18058;feat/XIPP-19130;feat/XIPP-19391;feature/XIPP-9670;feature/XIPP-9851;feature/XIPP-remove-commons-dependency;java_memory_heap;key-vault;key-vault-dev;key-vault-stage;main;main-avus;preprod;release/v2.74.1;release/v2.75.0;release/v2.78.0;snyk-fix-c33abc6c26249a924f73190073914795;stage;swagger-main;teste-ruleset-github","",PARCIAL,70,HIGH,"branch_master_existe;main_sem_protecao;compliance_parcial;"
security-service,main,yes,yes,no,"EmailTokenService;bugfix/XIPP-8066;bugfix/XIPP-8656-v2;bugfix/XIPP-8656;bugfix/XIPP-8738;bugfix/XIPP-9011;bugfix/XIPP-9080;bugfix/XIPP-9161;bugfix/XIPP-9457;bugfix/XIPP-9464;bugfix/XIPP-10498;bugfix/XIPP-11438;bugfix/XIPP-12536;bugfix/XIPP-13451;bugfix/XIPP-13670-devin;bugfix/XIPP-13670-devin-develop;bugfix/XIPP-13670-devin-stage;bugfix/XIPP-13962;chore/XIPP-18419;chore/XIPP-19341;develop_old;develop;devin/ticket-type-hierarchy-enhancement;devin/ticket-type-hierarchy-enhancement-stage;devin/1746540874-fix-hsts-vulnerability;devin/1746806331-financial-group-ticket-type;devin/1755700173-create-servicos-menu-permission-script;epic/AV-2150-develop;epic/AV-2150-prod;epic/AV-2150-stage","",PARCIAL,70,HIGH,"branch_master_existe;main_sem_protecao;compliance_parcial;"
contract-service,main,yes,yes,yes,"EPIC_XIPP-10268;Pacote_XIPP-9712_develop;Pacote_XIPP-9712;VERSAO_2_52_0;XIPP-9163-DEV;XIPP-9163-STG;XIPP-9183-DEV;XIPP-9183-STG;XIPP-12175;aaa;backup_main;bugfix/XIPP-8332;bugfix/XIPP-8372-main;bugfix/XIPP-8372_stage;bugfix/XIPP-8372;bugfix/XIPP-8618;bugfix/XIPP-8726_dev;bugfix/XIPP-8726_stg;bugfix/XIPP-8726;bugfix/XIPP-8781;bugfix/XIPP-8842;bugfix/XIPP-9163-develop;bugfix/XIPP-9163-stage;bugfix/XIPP-9163;bugfix/XIPP-9183-stg;bugfix/XIPP-9467-dev;bugfix/XIPP-9467-stg;bugfix/XIPP-9467;bugfix/XIPP-9587-stg;bugfix/XIPP-9587_part_1","",PARCIAL,30,MEDIUM,"branch_master_existe;compliance_parcial;"
euprotegido-service,main,yes,yes,yes,"XIPP-7600-9242;bugfix/XIPP-8260;bugfix/XIPP-8332;bugfix/XIPP-9037;bugfix/XIPP-10226_stg;bugfix/XIPP-10226;bugfix/XIPP-10874;bugfix/XIPP-12801;bugfix/XIPP-13070;bugfix/XIPP-13487-develop;bugfix/XIPP-13487-stage;bugfix/XIPP-13487;bugfix/XIPP-13514;bugfix/XIPP-14833;chore/XIPP-18419;chore/XIPP-19341;develop_old;develop;epic/XIPP-6484;epic/XIPP-7600;feat/AV-2148-develop;feat/AV-2148-prod;feat/AV-2148-stage;feat/XIPP-12680-develop;feat/XIPP-12680-stage;feat/XIPP-12680;feat/XIPP-13107;feat/XIPP-13583;feat/XIPP-14241-stage;feat/XIPP-14241","",PARCIAL,30,MEDIUM,"branch_master_existe;compliance_parcial;"
socialnetwork-service,main,yes,yes,no,"bugfix/XIPP-8530;bugfix/XIPP-12346;chore/XIPP-18419;chore/XIPP-19341;develop_old;develop_with_main;develop;epic/XIPP-11242-develop;epic/XIPP-11242;feat/AV-2761-develop;feat/AV-2761-stage;feat/AV-2761;feat/RTH-3363;feat/XIPP-12683;feat/XIPP-13414-devin;feat/XIPP-13583;feat/XIPP-13895-dev;feat/XIPP-13895-stg;feat/XIPP-13895;feat/XIPP-16162;feat/XIPP-18058;feat/XIPP-18470;feat/XIPP-19130;feat/XIPP-19391;feat/epic-RTH-3302-develop;feat/epic-RTH-3302-stage;feat/epic-RTH-3302;feature/AV-1509;feature/AVF-1477;feature/XIPP-8113_dev","",PARCIAL,70,HIGH,"branch_master_existe;main_sem_protecao;compliance_parcial;"
rh-bff-service,main,yes,yes,yes,"bugfix/XIPP-16521-V2;bugfix/XIPP-18098;develop;feat/XIPP-13495-develop;feat/XIPP-13495;feat/XIPP-14438;feat/XIPP-14485;feat/XIPP-14776-develop;feat/XIPP-14776-stage;feat/XIPP-14776;feat/XIPP-14877-develop;feat/XIPP-14877-stage;feat/XIPP-14877;feat/XIPP-15045-develop;feat/XIPP-15045-stage;feat/XIPP-15045;feat/XIPP-15335-dev;feat/XIPP-15335-fix;feat/XIPP-15335-fix-dev;feat/XIPP-15335-fix-stg;feat/XIPP-15335-stg;feat/XIPP-15335;feat/XIPP-15363-dev;feat/XIPP-15363-stg;feat/XIPP-15363;feat/XIPP-15446-dev;feat/XIPP-15446-fix-release;feat/XIPP-15446-stg;feat/XIPP-15446;feat/XIPP-15480","",PARCIAL,30,MEDIUM,"branch_master_existe;compliance_parcial;"
commons-security-xipp,main,yes,yes,no,"feat/XIPP-13495;feat/XIPP-14445;feat/XIPP-15452;feat/XIPP-16162;feat/XIPP-17460;feat/XIPP-19388;feat/XIPP-19391;feature/XIPP-12884;main","",PARCIAL,70,HIGH,"branch_master_existe;main_sem_protecao;compliance_parcial;"
commons-xipp,main,yes,yes,yes,"6629_dev;6629_stg;EPIC_XIPP-10268;Pacote_XIPP-7608;Pacote_XIPP-9712-dev;Pacote_XIPP-9712_stg;Pacote_XIPP-9712;VERSAO_2_52_0;XIPP-12175;XIPP-12686_main_changelog;XIPP-13041;aa;aaa;bugfix/XIPP-8184;bugfix/XIPP-8211;bugfix/XIPP-8235;bugfix/XIPP-8260;bugfix/XIPP-8325;bugfix/XIPP-8332;bugfix/XIPP-8372;bugfix/XIPP-8530;bugfix/XIPP-8656-v2;bugfix/XIPP-8726_dev;bugfix/XIPP-8726_stg;bugfix/XIPP-8726;bugfix/XIPP-9011;bugfix/XIPP-9169_main;bugfix/XIPP-9169;bugfix/XIPP-9174_dev;bugfix/XIPP-9174_stg","",PARCIAL,30,MEDIUM,"branch_master_existe;compliance_parcial;"
sdi-frontend,main,yes,yes,yes,"EPIC_XIPP-10268;FIX/XIPP-9880-dev;FIX/XIPP-9880-stg;FIX/XIPP-9880;IT/XIPP-10202-dev;IT/XIPP-10202-stg;IT/XIPP-10202;IT/XIPP-10494-dev;IT/XIPP-10494-stg;IT/XIPP-10494;XIPP-11544_DEV;atualização_calendario_mov;automacao_selenium;automacao_selenium-dev;automacao_selenium-stg;bugfix/XIPP-8675;bugfix/XIPP-8711;bugfix/XIPP-9199_dev;bugfix/XIPP-9199_stg;bugfix/XIPP-9199;bugfix/XIPP-9523;bugfix/XIPP-9530;bugfix/XIPP-9883_dev;bugfix/XIPP-9883_stg;bugfix/XIPP-9883;bugfix/XIPP-10075_dev;bugfix/XIPP-10075_stg;bugfix/XIPP-10075;bugfix/XIPP-10087-dev;bugfix/XIPP-10087-stg","",PARCIAL,30,MEDIUM,"branch_master_existe;compliance_parcial;"
mis-builder,17.0-mig,no,yes,no,"17.0-mig;17.0-mig-mis_builder_budget;17.0-mig-mis_builder_demo;17.0-mig-mis_builder;18.0;backup-18.0-20260406","",NAO_CONFORME,120,CRITICAL,"default_branch_nao_main;branch_master_existe;main_sem_protecao;nao_conforme;"
reporting-engine,17.0-mig,no,yes,no,"17.0-mig;17.0-mig-bi_view_editor;17.0-mig-report_xlsx_helper;17.0-mig-sql_request_abstract;17.0-mig-step-1;17.0-upd-bi_sql_editor;17.0-upd-report_xlsx_helper;18.0;backup-18.0-20260406;task/XIPP-19351","",NAO_CONFORME,120,CRITICAL,"default_branch_nao_main;branch_master_existe;main_sem_protecao;nao_conforme;"
xipp-doodba-14,main,yes,yes,no,"14.0-IMP-XIPP-13336;14.0-XIPP-13336-parte-2-release-od-1.71;14.0-XIPP-13336-parte-2;14.0-XIPP-16838-fix-button;14.0-XIPP-16838;14.0-XIPP-17052-fix;14.0-fix-XIPP-16927;14.0-fix-XIPP-17014;14.0-fix-XIPP-17099;14.0-fix-compute_valid_until-XIPP-16744;14.0-fix-compute-valid_until-XIPP-16744;14.0-fix-escodoo;14.0-fix-reason-XIPP-17014;14.0-fix-status-medal;14.0-incidente-medalhas-xipp;14.0-traducao-valid_until-XIPP-16774;Bugfix/XIPP-18129-2;Bugfix/XIPP-18334-TO-V75.6;Bugfix/XIPP-18334;Bugfix/XIPP-18429-TO-V75.6;Bugfix/XIPP-18429;Bugfix/XIPP-18439-to-v75.5;Bugfix/XIPP-18439;FIX/INTERFACE;FIX/RUN_ON;FIX/XIPP-15305;FIX/performance;IT/XIPP-12596;IT/XIPP-15187;IT/XIPP-15265","",PARCIAL,70,HIGH,"branch_master_existe;main_sem_protecao;compliance_parcial;"
nifi-registry-bkp,main,yes,yes,no,"main","",PARCIAL,70,HIGH,"branch_master_existe;main_sem_protecao;compliance_parcial;"
euprotegido,main,yes,yes,no,"bugfix/XIPP-8530;devin/1746806176-financial-group-ticket-type;devin/1746808292-conditional-atendimento-button;devin/1747147820-restrict-atendimento-functionality;feat/XIPP-11201-login-as;feat/XIPP-12029;feat/XIPP-12124;feat/XIPP-12127;feat/XIPP-12129;feat/XIPP-12191;feat/XIPP-12193;feat/XIPP-12224-aux;feat/XIPP-12224;feat/XIPP-12324;feat/XIPP-12448;feat/XIPP-12459;feat/XIPP-12507;feat/XIPP-12522;feat/XIPP-12608;feat/XIPP-12633;feat/XIPP-13571;feat/XIPP-13741;feat/XIPP-13886;feat/XIPP-14268;feat/XIPP-14271;feat/XIPP-14272;feat/XIPP-14310;feat/XIPP-14311;feat/XIPP-14332;feat/XIPP-14344","",PARCIAL,70,HIGH,"branch_master_existe;main_sem_protecao;compliance_parcial;"
l10n-brazil,17.0-mig,no,yes,no,"17.0-fix-l10n_br_account;17.0-mig;17.0-mig-add-cnpj-search;17.0-mig-add-l10n_br_cnpj_search;17.0-mig-l10n_br_account_due_list;17.0-mig-l10n_br_account_payment_order;17.0-mig-l10n_br_account;17.0-mig-l10n_br_base;17.0-mig-l10n_br_cnab_structure;17.0-mig-l10n_br_cnpj_search;17.0-mig-l10n_br_coa_generic;17.0-mig-l10n_br_coa;17.0-mig-l10n_br_contract;17.0-mig-l10n_br_crm;17.0-mig-l10n_br_fiscal_certificate;17.0-mig-l10n_br_fiscal_closing;17.0-mig-l10n_br_fiscal;17.0-mig-l10n_br_hr;17.0-mig-l10n_br_mis_report;17.0-mig-l10n_br_nfse_paulistana;17.0-mig-l10n_br_nfse;17.0-mig-l10n_br_portal;17.0-mig-l10n_br_purchase;17.0-mig-l10n_br_resource;17.0-mig-l10n_br_sale;17.0-mig-l10n_br_zip;17.0-mig-xipp_adm_tax_config;18.0;backup-18.0-20260406;fix/list-popup-bus-payload-odoo18","",NAO_CONFORME,120,CRITICAL,"default_branch_nao_main;branch_master_existe;main_sem_protecao;nao_conforme;"
rules-service,main,yes,yes,yes,"actions_cache_changed_to_v4;develop;feat/XIPP-12223;feat/XIPP-13583;feat/XIPP-16036;feat/XIPP-16162;feat/XIPP-18058;feat/XIPP-18495;feat/XIPP-18576;feature/MOVEMENT-V1;feature/MOVEMENT-V2;feature/XIPP-12563;feature/XIPP-15879;feature/XIPP-16028;feature/XIPP-16040;feature/XIPP-16238;main;preprod;release/v2.74.1;release/v2.75.0;release/v2.78.0;release/2.72.0;snyk-fix-1e84e0a28cca603ce54804c425f7a071;snyk-fix-f228c342a217442104aa8492cf30e16d;stage;uat;workflow_preprod","",PARCIAL,30,MEDIUM,"branch_master_existe;compliance_parcial;"
avus-k8s-deploy,main,yes,yes,no,"auto-deploy;feat/start-script;fix-queue-config;main;new-prod","",PARCIAL,70,HIGH,"branch_master_existe;main_sem_protecao;compliance_parcial;"
insurance-carrier-api,main,yes,yes,yes,"bugfix/ajusteEnums;certificado-bradesco;certificado-bradesco-dev;chore/XIPP-18419;develop_with_main;develop;develop-old;feat/XIPP-12535-16162;feat/XIPP-14098-stage;feat/XIPP-14098;feat/XIPP-15886;feat/XIPP-16039;feat/XIPP-16162-stage;feat/XIPP-16162-workflow;feat/XIPP-16162-workflow-develop;feat/XIPP-16162-workflow-stage;feat/XIPP-16162;feat/XIPP-17851;feat/XIPP-18058;feat/main_to_develop;feature/CNU-develop;feature/CNU-stage;feature/XIPP-8168_develop;feature/XIPP-8168;feature/XIPP-8819;feature/XIPP-8824;feature/XIPP-9106;feature/XIPP-9851;feature/XIPP-10036;feature/XIPP-10223","PRD;PREPRD",PARCIAL,30,MEDIUM,"branch_master_existe;compliance_parcial;"
ee-addons,17.0,no,yes,no,"17.0;18.0","",NAO_CONFORME,120,CRITICAL,"default_branch_nao_main;branch_master_existe;main_sem_protecao;nao_conforme;"
xipp-odoo-addons,18.0,no,yes,no,"18.0;backup/18.0-before-oca-migration;fix/XIPP-1769188627-web-assets-main-js;fix/duplicate-tour-key;fix/make-private-models-installable-again;fix/pre-commit;fix/validator-20260320;fix/xipp-webclient-owl-v18-template","",NAO_CONFORME,120,CRITICAL,"default_branch_nao_main;branch_master_existe;main_sem_protecao;nao_conforme;"
drive-service,main,yes,yes,no,"bugfix/XIPP-8236;bugfix/XIPP-9671;bugfix/XIPP-14422;bugfix/XIPP-16843;bugfix/XIPP-16864;chore/XIPP-15801;chore/XIPP-18419;chore/XIPP-19341;develop_old;develop;develop-XIPP-14422;epic/XIPP-8753-stage;epic/XIPP-8753;feat/XIPP-12679-develop;feat/XIPP-12679-stage;feat/XIPP-12679;feat/XIPP-13583;feat/XIPP-15363-devin;feat/XIPP-15363-devin-fix;feat/XIPP-15363;feat/XIPP-15864;feat/XIPP-16162-old;feat/XIPP-16162-stage;feat/XIPP-16162;feat/XIPP-16692-ws;feat/XIPP-16692;feat/XIPP-16853-devin;feat/XIPP-16853-devin-dev;feat/XIPP-16853-fix;feat/XIPP-16853-fix-dev","",PARCIAL,70,HIGH,"branch_master_existe;main_sem_protecao;compliance_parcial;"
report-service,main,yes,yes,no,"chore/XIPP-18104;chore/XIPP-19341;develop;feat/XIPP-13583;feat/XIPP-16162;feature/XIPP-9670;feature/XIPP-9851;fix/XIPP-16162;main;main-avus;preprod;snyk-fix-0e90225bae620a10b438a0a9e7b24f41;snyk-upgrade-9f0735af49513d58b7b8fb9d3626e5eb;snyk-upgrade-42a1c19bb8f5e33020a12e3b6f3e65c7;snyk-upgrade-62c853c4648ead2acc103707069f7999;snyk-upgrade-da374e450fc65f864661701826e8f08e;snyk-upgrade-dbcbb25ac941fa79bcc2d11d340d4cfb;stage;uat","",PARCIAL,70,HIGH,"branch_master_existe;main_sem_protecao;compliance_parcial;"
payment-service,main,yes,yes,yes,"bugfix/XIPP-12987-develop;bugfix/XIPP-12987-stage;bugfix/XIPP-12987;chore/XIPP-18104;chore/XIPP-18419;chore/XIPP-19341;develop;epic/XIPP-11242-develop;epic/XIPP-11242;feat/XIPP-12678;feat/XIPP-13583;feat/XIPP-16162-old;feat/XIPP-16162-stage;feat/XIPP-16162;feat/XIPP-18058;feature/XIPP-4674;feature/XIPP-9670;feature/XIPP-9851;java_memory_heap;key-vault;key-vault-dev;key-vault-stage;main;main-avus;preprod;release/v2.74.1;release/v2.75.0;snyk-fix-430908807b82b7e5781b7d269c6bc4ac;snyk-fix-e63c6b7e94060cf6bbdef410ccab532a;stage","",PARCIAL,30,MEDIUM,"branch_master_existe;compliance_parcial;"
analytics-service,main,yes,yes,no,"chore/XIPP-12673;chore/XIPP-18104;chore/XIPP-18419;chore/XIPP-19341;develop_old;develop;epic/XIPP-11242-develop;epic/XIPP-11242;feat/XIPP-12331;feat/XIPP-13583;feat/XIPP-16162;feat/XIPP-18058;feature/XIPP-9670;feature/XIPP-9851;fix/XIPP-14469;fix/develop_merge_main;fix/stage_merge_main;java_memory_heap;key-vault;key-vault-dev;key-vault-stage;main;main-avus;preprod;release/v2.74.1;release/v2.75.0;stage_old;stage;uat","",PARCIAL,70,HIGH,"branch_master_existe;main_sem_protecao;compliance_parcial;"
healthcare-service,main,yes,yes,no,"aaa;bugfix/XIPP-8260;bugfix/XIPP-8738;bugfix/XIPP-9037;bugfix/XIPP-9195;bugfix/XIPP-12633;chore/XIPP-18104;chore/XIPP-18419;chore/XIPP-19341;develop_old;develop;epic/XIPP-11242-develop;epic/XIPP-11242;feat/XIPP-12685;feat/XIPP-13418;feat/XIPP-13583;feat/XIPP-16162;feat/XIPP-18058;feature/XIPP-8503;feature/XIPP-9670;feature/XIPP-9851;feature/XIPP-security-bola-fix;fix/XIPP-14469;fix/develop_merge_main;fix/stage_merge_main;java_memory_heap;key-vault;key-vault-dev;key-vault-stage;main","",PARCIAL,70,HIGH,"branch_master_existe;main_sem_protecao;compliance_parcial;"
insurancepricing-service,main,yes,yes,yes,"bug/XIPP-17217;bugfix/XIPP-9976;bugfix/XIPP-11196;bugfix/XIPP-12849;bugfix/XIPP-14600;chore/XIPP-18104;chore/XIPP-18419;chore/XIPP-19341;develop_old;develop_with_main;develop;epic/XIPP-11239-develop;epic/XIPP-11239-stage;epic/XIPP-11239;feat/XIPP-13583;feat/XIPP-14470;feat/XIPP-14716;feat/XIPP-14872;feat/XIPP-16162;feat/XIPP-18058;feat/XIPP-18251;feat/main_to_develop;feature/XIPP-9282;feature/XIPP-9366;feature/XIPP-9851;feature/XIPP-9886;feature/XIPP-12675-no-commons;feature/XIPP-12675;feature/cotador;java_memory_heap","",PARCIAL,30,MEDIUM,"branch_master_existe;compliance_parcial;"
xipp-aggregator,main,yes,yes,no,"demo;main;preprod;stage","",PARCIAL,70,HIGH,"branch_master_existe;main_sem_protecao;compliance_parcial;"
px-app,main,yes,yes,no,"feat/XIPP-19244;main","",PARCIAL,70,HIGH,"branch_master_existe;main_sem_protecao;compliance_parcial;"
financial-service,main,yes,yes,no,"chore/XIPP-18419;dev/test;develop;feat/XIPP-12268;feat/XIPP-16162;feat/XIPP-18058;feat/xipp-12089;feature/XIPP-16270;fix/remove-key-vault-credentials;main;stage;test/elastic","DEV;PRD;PREPRD;STG;UAT",PARCIAL,70,HIGH,"branch_master_existe;main_sem_protecao;compliance_parcial;"
movement-api,main,yes,yes,no,"actions_cache_changed_to_v4;bugfix/XIPP-15595;bugfix/XIPP-15944;develop_temp;develop;epic/XIPP-2671;feat/XIPP-12197_dev;feat/XIPP-12197;feat/XIPP-13546;feat/XIPP-16037;feat/XIPP-16162;feat/XIPP-18058;feat/XIPP-18495;feat/XIPP-18576;feat/XIPP-19215;feature/MOVEMENT-V1;feature/MOVEMENT-V2;feature/XIPP-10478;feature/XIPP-10734;feature/XIPP-11550_unit_tests;feature/XIPP-12542;feature/XIPP-12543;feature/XIPP-12559;feature/XIPP-12561;feature/XIPP-12562;feature/XIPP-12644;feature/XIPP-12737;feature/XIPP-13880;feature/XIPP-15530;feature/XIPP-15883","develop",PARCIAL,70,HIGH,"branch_master_existe;main_sem_protecao;compliance_parcial;"
rhprotegido-frontend,main,yes,yes,yes,"IT/XIPP-12364;IT/XIPP-12420;IT/XIPP-12508;IT/XIPP-12533;IT/XIPP-12597;RH-2.10.13;bugfix/XIPP-8280;bugfix/XIPP-9913;bugfix/XIPP-16858;bugfix/XIPP-17026-develop;bugfix/XIPP-17026;bugfix/XIPP-18053;bugfix/XIPP-18098;develop;epic/XIPP-7711;epic/XIPP-8753-dev;epic/XIPP-8753-stg;epic/XIPP-8753;feat/XIPP-8269-main;feat/XIPP-11023;feat/XIPP-11036;feat/XIPP-11040;feat/XIPP-11053;feat/XIPP-11081;feat/XIPP-11110;feat/XIPP-11113;feat/XIPP-12388;feat/XIPP-12904;feat/XIPP-12910;feat/XIPP-12974","",PARCIAL,30,MEDIUM,"branch_master_existe;compliance_parcial;"
xipp-charts,main,yes,yes,no,"gh-pages;main","github-pages",PARCIAL,70,HIGH,"branch_master_existe;main_sem_protecao;compliance_parcial;"
k8s-odoo-operator,main,yes,yes,no,"main","",PARCIAL,70,HIGH,"branch_master_existe;main_sem_protecao;compliance_parcial;"
code-generator-service,main,yes,yes,no,"bugfix/XIPP-8398;chore/XIPP-13370;chore/XIPP-19341;develop;feat/XIPP-13370-dev;feat/XIPP-13370;feature/XIPP-9851;feature/XIPP-12197;feature/XIPP-12602;feature/XIPP-16270;fix-pom;main;main-avus;stage","",PARCIAL,70,HIGH,"branch_master_existe;main_sem_protecao;compliance_parcial;"
nifi-flow-repo,main,yes,yes,no,"main","",PARCIAL,70,HIGH,"branch_master_existe;main_sem_protecao;compliance_parcial;"
website,18.0,no,yes,no,"8.0;9.0;10.0;11.0;12.0;13.0;14.0;15.0;16.0;17.0;18.0;19.0","",NAO_CONFORME,120,CRITICAL,"default_branch_nao_main;branch_master_existe;main_sem_protecao;nao_conforme;"
account-analytic,17.0-mig,no,yes,no,"17.0-mig;17.0-mig-account_analytic_required;17.0-mig-analytic_base_department;17.0-mig-analytic_tag_dimension_enhanced;17.0-mig-analytic_tag_dimension;18.0;backup-18.0-20260406;task/XIPP-19351","",NAO_CONFORME,120,CRITICAL,"default_branch_nao_main;branch_master_existe;main_sem_protecao;nao_conforme;"
web,17.0-mig,no,yes,no,"17.0-mig;18.0;backup-18.0-20260406;fix/validator-20260320-web;task/XIPP-19351","",NAO_CONFORME,120,CRITICAL,"default_branch_nao_main;branch_master_existe;main_sem_protecao;nao_conforme;"
social,17.0-mig,no,yes,no,"17.0-mig;18.0;backup-18.0-20260406","",NAO_CONFORME,120,CRITICAL,"default_branch_nao_main;branch_master_existe;main_sem_protecao;nao_conforme;"
server-ux,17.0-mig,no,yes,no,"17.0-mig;17.0-mig-date_range_account;17.0-mig-date_range;18.0;backup-18.0-20260406","",NAO_CONFORME,120,CRITICAL,"default_branch_nao_main;branch_master_existe;main_sem_protecao;nao_conforme;"
dms,17.0-mig,no,yes,no,"17.0-mig;17.0-mig-dms_field;17.0-mig-dms;18.0;backup-18.0-20260406","",NAO_CONFORME,120,CRITICAL,"default_branch_nao_main;branch_master_existe;main_sem_protecao;nao_conforme;"
invoice-service,main,yes,yes,no,"bugfix/XIPP-13641;bugfix/XIPP-13843;bugfix/XIPP-13864;bugfix/XIPP-13945;bugfix/XIPP-14879;develop;feat/XIPP-13583;feat/XIPP-16034;feat/XIPP-16162;feat/XIPP-17288;feat/XIPP-17326;feat/XIPP-18058;feat/XIPP-19354;feat/XIPP-19355;feature/XIPP-12787;feature/XIPP-14134;feature/XIPP-14135-compl;feature/XIPP-14135-fix;feature/XIPP-14135;feature/XIPP-14136-ajuste;feature/XIPP-14136;feature/XIPP-14494-fix;feature/XIPP-14494;feature/XIPP-14667-fix;feature/XIPP-14667-it;feature/XIPP-14667-it2;feature/XIPP-14667;feature/XIPP-15091;feature/XIPP-15285;feature/monitoramento","",PARCIAL,70,HIGH,"branch_master_existe;main_sem_protecao;compliance_parcial;"
odoo-migration-analyzer,main,yes,yes,no,"main","",PARCIAL,70,HIGH,"branch_master_existe;main_sem_protecao;compliance_parcial;"
sdi-test-e2e,main,yes,yes,no,"main;test/XIPP-12928;test/XIPP-13445;test/XIPP-13720;xipptech/test/refactoring;xipptech/test/refactoring-change-selectors;xipptech/test/refactoring-change-selectors-pt2","",PARCIAL,70,HIGH,"branch_master_existe;main_sem_protecao;compliance_parcial;"
payroll-service,main,yes,yes,yes,"XIPP-6596---Integração-Sinergy;XIPP-7208---arquitetura-projeto;bugfix/XIPP-8656;bugfix/XIPP-14072;bugfix/XIPP-14709;bugfix/XIPP-17850;develop;develop-old;feat/XIPP-12674-develop;feat/XIPP-12674-stage;feat/XIPP-12674;feat/XIPP-12884-develop;feat/XIPP-13583;feat/XIPP-15783;feat/XIPP-15784;feat/XIPP-16032;feat/XIPP-16162;feat/XIPP-18058;feature/Sinergy-fix;feature/Sinergy-fix-main;feature/Sinergy-stg;feature/XIPP-6931;feature/XIPP-7633;feature/XIPP-7687---mocimentação;feature/XIPP-8819;feature/XIPP-9851;feature/XIPP-10149;feature/XIPP-11962;feature/XIPP-14444;feature/XIPP-16270","",PARCIAL,30,MEDIUM,"branch_master_existe;compliance_parcial;"
migration-analytics,main,yes,yes,yes,"BI-240;BI-349;BI-350;BI-351;BI-352;BI-353;BI-360;BI-394;BI-427;BI-429;BI-462;BI-517;BI-542;BI-544;BI-545;BI-569;BI-577;BI-578;BI-586;BI-588;BI-605;BI-610;XIPP-7245;XIPP-7247-prd;XIPP-7247;XIPP-7249;XIPP-7711;XIPP-8394;XIPP-8485;XIPP-8703","",PARCIAL,30,MEDIUM,"branch_master_existe;compliance_parcial;"
account-financial-tools,17.0-mig,no,yes,no,"17.0-mig;17.0-mig-account_asset_batch_compute;17.0-mig-account_asset_management_menu;17.0-mig-account_asset_management;17.0-mig-account_asset_number;17.0-mig-account_lock_to_date;17.0-mig-account_move_force_removal;18.0;backup-18.0-20260406;task/XIPP-19351","",NAO_CONFORME,120,CRITICAL,"default_branch_nao_main;branch_master_existe;main_sem_protecao;nao_conforme;"
partner-contact,17.0-mig,no,yes,no,"17.0-mig;17.0-mig-partner_capital;17.0-mig-partner_company_type;17.0-mig-partner_contact_department;17.0-mig-partner_contact_hobby;17.0-mig-partner_employee_quantity;17.0-mig-partner_phone_extension;17.0-mig-partner_phone_secondary;17.0-mig-partner_priority;17.0-mig-step-1;18.0;backup-18.0-20260406;task/XIPP-19351","",NAO_CONFORME,120,CRITICAL,"default_branch_nao_main;branch_master_existe;main_sem_protecao;nao_conforme;"
account-addons,17.0-mig,no,yes,no,"17.0-mig;18.0;fix/XIPP-18698","",NAO_CONFORME,120,CRITICAL,"default_branch_nao_main;branch_master_existe;main_sem_protecao;nao_conforme;"
lp-mais-familia,main,no,no,no,"","",PARCIAL,50,HIGH,"main_sem_protecao;compliance_parcial;"
integrator-service,main,yes,yes,no,"bugfix/XIPP-17934;develop;devin/1752665970-cucumber-integration-tests;feat/XIPP-12026;feat/XIPP-14283;feat/XIPP-16162;feat/XIPP-18058;feature/XIPP-18983;feature/XIPP-18984;fix/XIPP-15926;fix/XIPP-16427;main;preprod;release/v2.74.1;release/v2.75.0;release/v2.75.1;release/v2.76.0;stage;uat","",PARCIAL,70,HIGH,"branch_master_existe;main_sem_protecao;compliance_parcial;"
rpa-operation-fesp-invoice-coparticipation,dev,yes,yes,no,"dev;feat/XIPP-14042;feat/XIPP-15171;feat/XIPP-16552;feat/XIPP-16701;feat/XIPP-17646;feat/XIPP-17816;feat/XIPP-18402;feat/XIPP-19309;feat/XIPP-IT;main;prd;stg","PRD;STG",NAO_CONFORME,120,CRITICAL,"default_branch_nao_main;branch_master_existe;main_sem_protecao;nao_conforme;"
platform-backend,main,yes,yes,no,"chore/XIPP-18419;configs-igor-temp;develop;develop-XIPP-14167;feat/XIPP-14167;feature/XIPP-4674;feature/api-operadoras;feature/external-systems-status;main;refact/upgrade-java-config;sdi_pacote_cancelamento","",PARCIAL,70,HIGH,"branch_master_existe;main_sem_protecao;compliance_parcial;"
rpa-operation-cnu-invoice-coparticipation,prd,yes,yes,no,"bugfix/XIPP-14798;dev;feat/XIPP-16701;feat/XIPP-17646;feat/XIPP-17818;feat/XIPP-18399;feat/XIPP-19275;feature/XIIP-14807;feature/XIPP-12823;feature/XIPP-15170;feature/XIPP-16088;feature/XIPP-16123;fix/optimize-docker-image-size;hotfix/XIPP-14790;prd;stg","PRD;STG",NAO_CONFORME,120,CRITICAL,"default_branch_nao_main;branch_master_existe;main_sem_protecao;nao_conforme;"
server-tools,17.0-mig,no,yes,no,"17.0-mig;17.0-mig-html_text;17.0-mig-step-1;18.0;backup-18.0-20260406;fix/validator-20260320","",NAO_CONFORME,120,CRITICAL,"default_branch_nao_main;branch_master_existe;main_sem_protecao;nao_conforme;"
crm,17.0-mig,no,yes,no,"17.0-mig;17.0-mig-marketing_crm_partner;18.0;backup-18.0-20260406","",NAO_CONFORME,120,CRITICAL,"default_branch_nao_main;branch_master_existe;main_sem_protecao;nao_conforme;"
hr-expense,17.0-mig,no,yes,no,"17.0-mig;17.0-mig-hr_expense_advance_clearing;17.0-mig-hr_expense_tier_validation;18.0;backup-18.0-20260406","",NAO_CONFORME,120,CRITICAL,"default_branch_nao_main;branch_master_existe;main_sem_protecao;nao_conforme;"
storage,17.0-mig,no,yes,no,"17.0-imp-fs_attachments-kaynnan;17.0-mig;17.0-mig-old;17.0;18.0;backup-18.0-20260406","",NAO_CONFORME,120,CRITICAL,"default_branch_nao_main;branch_master_existe;main_sem_protecao;nao_conforme;"
queue,18.0,no,yes,no,"10.0;11.0;12.0;13.0;14.0;15.0;16.0;17.0;18.0;backup-18.0-20260406","",NAO_CONFORME,120,CRITICAL,"default_branch_nao_main;branch_master_existe;main_sem_protecao;nao_conforme;"
account-invoicing,17.0-mig,no,yes,no,"17.0-mig;18.0;backup-18.0-20260406","",NAO_CONFORME,120,CRITICAL,"default_branch_nao_main;branch_master_existe;main_sem_protecao;nao_conforme;"
bank-payment,17.0-mig,no,yes,no,"17.0-mig;17.0;18.0;backup-18.0-20260406","",NAO_CONFORME,120,CRITICAL,"default_branch_nao_main;branch_master_existe;main_sem_protecao;nao_conforme;"
account-payment,17.0-mig,no,yes,no,"17.0-mig;17.0-mig-account_due_list_payment_mode;17.0-mig-account_payment_paired_internal_transfer;18.0;backup-18.0-20260406","",NAO_CONFORME,120,CRITICAL,"default_branch_nao_main;branch_master_existe;main_sem_protecao;nao_conforme;"
contract,17.0-mig,no,yes,no,"17.0-mig;17.0-mig-contract_payment_mode;18.0;backup-18.0-20260406","",NAO_CONFORME,120,CRITICAL,"default_branch_nao_main;branch_master_existe;main_sem_protecao;nao_conforme;"
account-closing,17.0-mig,no,yes,no,"17.0-mig;17.0-mig-account_fiscal_year_closing;18.0;backup-18.0-20260406","",NAO_CONFORME,120,CRITICAL,"default_branch_nao_main;branch_master_existe;main_sem_protecao;nao_conforme;"
account-financial-reporting,17.0-mig,no,yes,no,"{;  "message": "Server Error";}","",NAO_CONFORME,120,CRITICAL,"default_branch_nao_main;branch_master_existe;main_sem_protecao;nao_conforme;"
design-themes,18.0,no,yes,no,"8.0;9.0;10.0;11.0;12.0;13.0;14.0;15.0;16.0-14.0-fix-tests-util-click-edit-gdi-llYB-fw;16.0-i18n-export-mat;16.0;17.0;18.0;backup-18.0-20260406;master;saas-6;saas-10;saas-11;saas-11.3;saas-12;saas-12.3;saas-13.5;saas-14;saas-14.1;saas-14.2;saas-14.3;saas-14.4;saas-14.5;saas-15;saas-15.1","",NAO_CONFORME,120,CRITICAL,"default_branch_nao_main;branch_master_existe;main_sem_protecao;nao_conforme;"
multi-company,18.0,no,yes,no,"6.1;7.0;8.0;9.0;10.0;11.0;12.0;13.0;14.0;15.0;16.0;17.0;18.0;19.0;backup-18.0-20260406","",NAO_CONFORME,120,CRITICAL,"default_branch_nao_main;branch_master_existe;main_sem_protecao;nao_conforme;"
rest-framework,17.0-mig,no,yes,no,"17.0-mig;17.0-mig-datamodel;18.0;backup-18.0-20260406","",NAO_CONFORME,120,CRITICAL,"default_branch_nao_main;branch_master_existe;main_sem_protecao;nao_conforme;"
connector,18.0,no,yes,no,"7.0;8.0-ocabot-merge-pr-406-by-guewen-bump-minor;8.0-ocabot-merge-pr-406-by-gurneyalex-bump-minor;8.0;9.0;10.0;11.0;12.0;13.0;14.0-ocabot-update-dotfiles;14.0;15.0-ocabot-update-dotfiles;15.0;16.0-ocabot-update-dotfiles;16.0;17.0;18.0;19.0;backup-18.0-20260406;gh-pages;oca-port-pr-387-from-13.0-to-14.0","",NAO_CONFORME,120,CRITICAL,"default_branch_nao_main;branch_master_existe;main_sem_protecao;nao_conforme;"
server-backend,17.0-mig,no,yes,no,"17.0-mig;17.0-mig-base_user_role_company;18.0;backup-18.0-20260406","",NAO_CONFORME,120,CRITICAL,"default_branch_nao_main;branch_master_existe;main_sem_protecao;nao_conforme;"
server-env,17.0-mig,no,yes,no,"17.0-mig;18.0;backup-18.0-20260406","",NAO_CONFORME,120,CRITICAL,"default_branch_nao_main;branch_master_existe;main_sem_protecao;nao_conforme;"
rpa-movement-sulamerica,main,no,no,no,"","",PARCIAL,50,HIGH,"main_sem_protecao;compliance_parcial;"
rpa-sulamerica-healthcare-authorization,main,yes,yes,no,"feat/XIPP-16569;feat/XIPP-17646;main;prd;stg","PRD;STG",PARCIAL,70,HIGH,"branch_master_existe;main_sem_protecao;compliance_parcial;"
rpa-bradesco-healthcare-authorization,stg,no,yes,no,"feat/XIPP-16475;prd;stg","PRD;STG",NAO_CONFORME,120,CRITICAL,"default_branch_nao_main;branch_master_existe;main_sem_protecao;nao_conforme;"
rpa-operation-porto-saude-invoice,prd,yes,yes,no,"bugfix/XIPP-14798;dev;feat/XIPP-17646;feat/XIPP-17822;feat/xipp-14784;feature/XIPP-14958;feature/XIPP-15168;fix/competency;fix/xipp-14806;prd;stg","PRD;STG",NAO_CONFORME,120,CRITICAL,"default_branch_nao_main;branch_master_existe;main_sem_protecao;nao_conforme;"
rpa-operation-hapvida-coparticipation,prd,no,yes,no,"bugfix/XIPP-14798;dev;feat/XIPP-16701;feat/XIPP-16983;feat/XIPP-18192;fix/XIPP-16111;hotfix/XIPP-14790;prd;stg","PRD;STG",NAO_CONFORME,120,CRITICAL,"default_branch_nao_main;branch_master_existe;main_sem_protecao;nao_conforme;"
canalprotegido-frontend,main,yes,yes,yes,"bugfix/XIPP-9350;bugfix/XIPP-9439;bugfix/XIPP-10503;docs/XIPP-13713;feat/XIPP-11197;feat/XIPP-12150;feat/XIPP-12156;feat/XIPP-12160;feat/XIPP-12367;feat/XIPP-12387;feat/XIPP-13128;feat/XIPP-13141;feat/XIPP-13142;feat/XIPP-13148;feat/XIPP-13183;feat/XIPP-13186;feat/XIPP-13268;feat/XIPP-13352;feat/XIPP-13354;feat/XIPP-13383;feat/XIPP-13409;feat/XIPP-13417;feat/XIPP-13439;feat/XIPP-13440;feat/XIPP-13463;feat/XIPP-13464;feat/XIPP-13472;feat/XIPP-13478;feat/XIPP-13489;feat/XIPP-13511","",PARCIAL,30,MEDIUM,"branch_master_existe;compliance_parcial;"
pharma,development,yes,yes,yes,"14-00.03;120424;AV-759;AV-760;AV-761;AV-765;AV-766;AV-785;AV-824;AV-839;AV-846;AV-1041;AVF-192;AVF-201.1;AVF-205;AVF-206;AVF-207;AVF-215;AVF-255;AVF-276;AVF-277;AVF-278;AVF-280;AVF-283;AVF-311;AVF-312;AVF-468;AVF-469;AVF-470;AVF-471","",NAO_CONFORME,80,CRITICAL,"default_branch_nao_main;branch_master_existe;nao_conforme;"
rpa-operation-odontoprev-invoice-coparticipation,dev,yes,yes,no,"dev;devin/1772722679-fix-rpa-bugs-and-refactor;devin/1772727958-inline-ticket-error-handling;feat/XIPP-15008;feat/XIPP-15173;feat/XIPP-15908;feat/XIPP-16451;feat/XIPP-16701;feat/XIPP-17646;feat/XIPP-17815-stg;feat/XIPP-17815;feat/XIPP-17915;feat/XIPP-18403;feature/XIPP-16141;main;prd;stg","PRD;STG",NAO_CONFORME,120,CRITICAL,"default_branch_nao_main;branch_master_existe;main_sem_protecao;nao_conforme;"
rpa-operation-hapvida-invoice,prd,no,yes,no,"bugfix/XIPP-14798;dev;feat/XIPP-15167;feat/XIPP-16250;feat/XIPP-16701;feat/XIPP-16983;feat/XIPP-17646;feat/XIPP-17821;fix/XIPP-16111;fix/adicao-config;fix/ajuste-config;fix/refactor-rpa-invoice;fix-pipeline;hotfix/XIPP-14790;prd;stg","PRD;STG",NAO_CONFORME,120,CRITICAL,"default_branch_nao_main;branch_master_existe;main_sem_protecao;nao_conforme;"
rpa-commons,main,yes,yes,no,"bugfix/XIPP-14798;feat/XIPP-16701;feat/XIPP-17183;feat/XIPP-17646;feat/XIPP-17815;feat/XIPP-correcao_erro;feat/xipp-14004;feature/XIPP-13537;feature/XIPP-14958;feature/XIPP-15169;feature/XIPP-15172;feature/XIPP-15505;feature/XIPP-16094;feature/XIPP-16123;feature/XIPP-16701;feature/XIPP-documentos-azure-table;feature/log_portais_acessos;feature/1752865545-github-actions-versioning;fix/XIPP-16111;fix/get_contract_porto;fix/xipp-14809;hotfix/XIPP-14790;main","",PARCIAL,70,HIGH,"branch_master_existe;main_sem_protecao;compliance_parcial;"
rpa-operation-omint-invoice-coparticipation,dev,no,yes,no,"dev;feat/XIPP-16326;feat/XIPP-17646;feat/XIPP-17807_PRD;feat/XIPP-17807;feat/XIPP-17817-stg;feat/XIPP-17817;feat/XIPP-18119;feat/XIPP-18232;feat/XIPP-18400;feature/XIPP-13537;feature/XIPP-15172;feature/XIPP-16094;feature/XIPP-16123;prd;stg","PRD;STG",NAO_CONFORME,120,CRITICAL,"default_branch_nao_main;branch_master_existe;main_sem_protecao;nao_conforme;"
rpa-operation-sulamerica-invoice,prd,no,yes,no,"bugfix/XIPP-14798;dev;feat/XIPP-15165;feat/XIPP-16701;feat/XIPP-17646;feat/XIPP-17824;fix/XIPP-16111;hotfix/XIPP-14790;prd_with_stg;prd;snyk-fix-02c8c3166f09ccb6729110dcc4dc5994;snyk-fix-2d166460e06538b51b8b19c85f5bb9d6;snyk-fix-11a062c89a58f8ea9517a3537af476c2;snyk-fix-21d0e9fd42813fa547fbf70f02d3d6e5;snyk-fix-75336c7f11fa90f4efd3b827355c0b6d;snyk-fix-839242f85acb5507e8d66590059f6571;snyk-fix-a0ee46c4d0f9a51b4f23b40d2cd10c8d;stg","PRD;STG",NAO_CONFORME,120,CRITICAL,"default_branch_nao_main;branch_master_existe;main_sem_protecao;nao_conforme;"
rpa-operation-sulamerica-coparticipation,prd,no,yes,no,"bugfix/XIPP-14798;dev;feat/XIPP-17824;hotfix/XIPP-14790;prd;snyk-fix-786308668752274e3da84f30edac40fd;snyk-fix-2d166460e06538b51b8b19c85f5bb9d6;snyk-fix-4ed22516fba46ed6207e18eb154e85cc;snyk-fix-7bd49e653c3f0ef742262d4f01b21f58;snyk-fix-41cb43f1b85b75aaa8e8febe13ec0347;snyk-fix-45799d5c9f8d08b9baf9c7f9a340a5dd;snyk-fix-a0ee46c4d0f9a51b4f23b40d2cd10c8d;stg","PRD;STG",NAO_CONFORME,120,CRITICAL,"default_branch_nao_main;branch_master_existe;main_sem_protecao;nao_conforme;"
rpa-operation-bradesco-webtran-daily,prd,no,yes,no,"bugfix/XIPP-14798;dev;feat/XIPP-14265;feat/XIPP-14506;feat/XIPP-14607;feat/XIPP-18022;feat/xipp-15116;feature/XIPP-15116-stg;fix/XIPP-15111;hotfix/XIPP-14790;hotfix_folder_name;prd;stg","PRD;STG",NAO_CONFORME,120,CRITICAL,"default_branch_nao_main;branch_master_existe;main_sem_protecao;nao_conforme;"
rpa-operation-metlife-invoice,dev,no,yes,no,"bugfix/XIPP-14798;dev;feat/XIPP-16701;feat/XIPP-17646;feat/XIPP-17814;feat/XIPP-18401;feature/XIPP-13165-metlife-rpa-implementation;feature/XIPP-15169;feature/xipp-14004;fix/xipp-14809;prd;stg","PRD;STG",NAO_CONFORME,120,CRITICAL,"default_branch_nao_main;branch_master_existe;main_sem_protecao;nao_conforme;"
sdi-bff-service,main,yes,yes,no,"chore/XIPP-18104;develop;feat/XIPP-16162;feat/XIPP-16647-develop;feat/XIPP-16647;feat/XIPP-17767;feat/pipeline-uat;feature/XIPP-16646;main;pacote-mapa-v2.76.0;preprod;release/v2.76.0;release/v2.76.1;release/v2.77.0;stage;uat","",PARCIAL,70,HIGH,"branch_master_existe;main_sem_protecao;compliance_parcial;"
euprotegido-frontend,master,no,yes,no,"develop;feat/XIPP-13426-develop;feat/XIPP-13426-stage;feat/XIPP-13426;feat/XIPP-16644-dev;feat/XIPP-16644-stg;feat/XIPP-16644;feat/XIPP-16730;feat/XIPP-17936;feat/adjust-meta;fix/XIPP-18347;master;new-origin/master;origin/XIPP-172;origin/XIPP-243;origin/devops;origin/feature/XIPP-182;origin/feature/XIPP-924;origin/feature/XIPP-980;origin/feature/fix-assessment;origin/feature/fix-google-address;origin/feature/fix-telemedicine;origin/feature/xipp-179;origin/fix-build3;origin/heroku-update;origin/hotfix/2.0.7.2;origin/hotfix/2.0.7.3;origin/hotfix/2.0.7.4;origin/hotfix/2.0.7.5;origin/hotfix/2.0.7.6","",NAO_CONFORME,120,CRITICAL,"default_branch_nao_main;branch_master_existe;main_sem_protecao;nao_conforme;"
rpa-operation-seguros-unimed-invoice-coparticipation,prd,no,yes,no,"bugfix/XIPP-14798;detached;dev;feat/XIPP-13703;feat/XIPP-15451;feat/XIPP-17823;feat/XIPP-18118;feature/XIPP-13703-devin;feature/XIPP-13703;fix/XIPP-15451;hotfix/XIPP-14790-black-fix;hotfix/XIPP-14790;prd;stg","PRD;STG",NAO_CONFORME,120,CRITICAL,"default_branch_nao_main;branch_master_existe;main_sem_protecao;nao_conforme;"
rpa-operation-bradesco-portal-corretor-invoice,prd,yes,yes,no,"dev;feat/XIPP-16701;feat/XIPP-17646;feat/XIPP-17820;feature/XIPP-12824;feature/XIPP-15166;feature/integrate-rpa-commons;fix/xipp-14803;hotfix/2.67.0;prd;stg","PRD;STG",NAO_CONFORME,120,CRITICAL,"default_branch_nao_main;branch_master_existe;main_sem_protecao;nao_conforme;"
rpa-operation-bradesco-webtran-monthly,prd,no,yes,no,"bugfix/XIPP-14798;dev;feat/XIPP-14265;feat/XIPP-15614;feat/XIPP-18022;fix/XIPP-16111;hotfix/XIPP-14790;prd;stg","PRD;STG",NAO_CONFORME,120,CRITICAL,"default_branch_nao_main;branch_master_existe;main_sem_protecao;nao_conforme;"
config-xipp,main,yes,yes,no,"ROTINAS-develop;bugfix/XIPP-7707_develop;bugfix/XIPP-7707_stage;bugfix/XIPP-7707;bugfix/XIPP-13496;chore/XIPP-12283;chore/XIPP-15679;chore/java-upgrade;develop;devin/1746544720-update-security-service-config;epic/XIPP-2671-PREPROD;epic/XIPP-2671;epic/XIPP-11239-develop;epic/XIPP-11239-stage;epic/XIPP-11239;epic-2671-stg;feat/XIPP-12331-dev;feat/XIPP-12331-preprod;feat/XIPP-12331-stg;feat/XIPP-12331;feat/XIPP-13106;feat/XIPP-13583;feat/XIPP-14438-preprod;feat/XIPP-14438-stage;feat/XIPP-14438;feat/XIPP-16162;feat/XIPP-16627-uat;feat/XIPP-16646-develop;feat/XIPP-16646;feat/XIPP-16647","DEV;PRD;PREPRD;STG",PARCIAL,70,HIGH,"branch_master_existe;main_sem_protecao;compliance_parcial;"
avus-integration-service,main,yes,yes,no,"develop;feat/XIPP-18058;feature/XIPP-13510;main;stage","",PARCIAL,70,HIGH,"branch_master_existe;main_sem_protecao;compliance_parcial;"
engenere-addons,17.0-mig,no,yes,no,"17.0-mig;18.0","",NAO_CONFORME,120,CRITICAL,"default_branch_nao_main;branch_master_existe;main_sem_protecao;nao_conforme;"
registry-xipp,main,yes,yes,yes,"chore/XIPP-12333;chore/XIPP-18104;chore/1759968282-java-upgrade;develop_upgrade_java;develop;feat/XIPP-13583;feature/AV-1509;feature/XIPP-9851;java_memory_heap;main;main-avus;preprod;refact/upgrade-java_stage;refact/upgrade-java;stage_old;stage;uat","DEV;STG",PARCIAL,30,MEDIUM,"branch_master_existe;compliance_parcial;"
gateway-xipp,main,yes,yes,no,"chore/XIPP-12347;chore/XIPP-18104;chore/1759968280-java-upgrade;develop;epic/XIPP-2671;epic-2671-stg;feat/XIPP-13106;feat/XIPP-13583;feature/AV-1509;feature/MOVEMENT-V1;feature/XIPP-9851;feature/XIPP-10507;fix/swagger-insurance-carrier-api;fix/swagger-insurance-carrier-api-develop;fix/swagger-insurance-carrier-api-stage;java_memory_heap;key-vault;key-vault-dev;key-vault-stage;main;main-avus;preprod;refact/upgrade=java;release/v2.73.0;stage;uat;vinicius-santos-xipptech-patch-1","",PARCIAL,70,HIGH,"branch_master_existe;main_sem_protecao;compliance_parcial;"
rpa-cnu-healthcare-authorization,main,yes,yes,no,"feat/XIPP-16867;main;prd;stg","PRD;STG",PARCIAL,70,HIGH,"branch_master_existe;main_sem_protecao;compliance_parcial;"
maioridade-worker,main,yes,yes,no,"develop;epic/XIPP-2671;feat/XIPP-13400;feat/XIPP-14087;feat/XIPP-16162;feat/XIPP-18058;fix/XIPP-14684;main;preprod;release/v2.74.1;release/v2.75.0;release/v2.76.0;stage;uat","",PARCIAL,70,HIGH,"branch_master_existe;main_sem_protecao;compliance_parcial;"
movement-service,main,yes,yes,no,"feat/XIPP-18058;feature/init-swagger;main;snyk-fix-8c489f344e89c76791c471d3daaf7030;snyk-upgrade-2dc4c52efdbcc823857d653a521b4ed0;snyk-upgrade-55d0937487b346880f17dea2bfa45924;snyk-upgrade-59667ac127f2ea231a77b0cfcaffae6e;snyk-upgrade-a37867a35608ddcb3a445c86a737342c;snyk-upgrade-e043739726917600723a575624b4f96d;snyk-upgrade-ecafcbff93d3a431805bacdbbc56fbf0","",PARCIAL,70,HIGH,"branch_master_existe;main_sem_protecao;compliance_parcial;"
bff-servicos,main,yes,yes,yes,"develop;epic/XIPP-2671;feat/XIPP-13400;feat/XIPP-13515;feat/XIPP-13682;feat/XIPP-14085;feat/XIPP-14087;feat/XIPP-16162;feat/XIPP-18058;feature/XIPP-16270;fix/XIPP-14684;fix/XIPP-16187;main;preprod;release/v2.74.1;release/v2.75.0;release/2.71.0;revert-48-feat/XIPP-14087;revert-49-revert-48-feat/XIPP-14087;stage;uat","",PARCIAL,30,MEDIUM,"branch_master_existe;compliance_parcial;"
rpa-operation-amil-invoice,prd,no,yes,no,"bugfix/XIPP-14798;dev;feat/XIPP-15164;feat/XIPP-16701;feat/XIPP-17372;feat/XIPP-17646;feat/XIPP-17819;feature/XIPP-1756933074-playwright-login;fix/XIPP-15541;hotfix/XIPP-14790;hotfix/XIPP-15001;hotfix_02_10;prd;snyk-fix-4c641aa18fb5d13cde2022548d24893f;snyk-fix-5fc54d884e9be70ff4b419722a8d7d6e;snyk-fix-16bd033d6bfeae5bd1965f8d4dc41583;snyk-fix-41cb43f1b85b75aaa8e8febe13ec0347;snyk-fix-0461a16e2ce5def8d87fb1b763d216c1;snyk-fix-647e2b1e235462e97329219dbc89938d;snyk-fix-75336c7f11fa90f4efd3b827355c0b6d;snyk-fix-a0ee46c4d0f9a51b4f23b40d2cd10c8d;snyk-fix-dfb48646fe26968df86d8e5ce517c48f;snyk-fix-f70f9e79516602f3323eb774b6ca96f4;snyk-fix-ff76eb5b0b2253408bcf051355931d26;stg","PRD;STG",NAO_CONFORME,120,CRITICAL,"default_branch_nao_main;branch_master_existe;main_sem_protecao;nao_conforme;"
rpa-operation-amil-movement-insurance-return,prd,no,yes,no,"feat/XIPP-16827;feat/XIPP-17239;feat/XIPP-17646;prd;stg","PRD;STG",NAO_CONFORME,120,CRITICAL,"default_branch_nao_main;branch_master_existe;main_sem_protecao;nao_conforme;"
drive-fronted,main,yes,yes,no,"develop;epic/XIPP-8753-dev;epic/XIPP-8753-stage;epic/XIPP-8753;feat/XIPP-13426;feat/XIPP-16641;feat/XIPP-16730;feat/XIPP-17808;feature/XIPP-11053;feature/XIPP-13726-stg;feature/XIPP-13726;fix/XIPP-12612;fix/XIPP-14618-dev;fix/XIPP-14618-pre;fix/XIPP-14618-stg;fix/XIPP-14618;fix/XIPP-17377-dev;fix/XIPP-17377-stg;fix/XIPP-17377;main;master;origin/bugfix/download;origin/drive-integracao;origin/hotfix/1.2.1.1;origin/master;origin/master-odoo;origin/release/1.1.2;origin/release/1.1.3;origin/release/1.1.4;origin/release/1.1.5","",PARCIAL,70,HIGH,"branch_master_existe;main_sem_protecao;compliance_parcial;"
rpa-operation-omint-cadastral-position,dev,no,yes,no,"dev;feat/XIPP-17646;feat/XIPP-17807;feature/XIPP-13537;feature/XIPP-15172;feature/XIPP-16094;feature/XIPP-16123;prd;stg","PRD;STG",NAO_CONFORME,120,CRITICAL,"default_branch_nao_main;branch_master_existe;main_sem_protecao;nao_conforme;"
code-review-instructions,main,yes,yes,no,"feat/XIPP-16411;feat/XIPP-16730;feature/XIPP-16270;main","",PARCIAL,70,HIGH,"branch_master_existe;main_sem_protecao;compliance_parcial;"
rpa-operation-fesp-cadastral-position,dev,no,yes,no,"dev;feat/XIPP-15880;feat/XIPP-16701;feat/XIPP-17646;fix_limpeza_email;prd;stg","PRD;STG",NAO_CONFORME,120,CRITICAL,"default_branch_nao_main;branch_master_existe;main_sem_protecao;nao_conforme;"
rpa-operation-odontoprev-cadastral-position,dev,yes,yes,no,"dev;feat/XIPP-15010;feat/XIPP-15891;feat/XIPP-16701;feat/XIPP-17646;main;prd;preprd;stg","PRD;STG",NAO_CONFORME,120,CRITICAL,"default_branch_nao_main;branch_master_existe;main_sem_protecao;nao_conforme;"
rpa-amil-healthcare-authorization,stg,no,yes,no,"feat/XIPP-17118;prd;stg","PRD;STG;STG_NEW",NAO_CONFORME,120,CRITICAL,"default_branch_nao_main;branch_master_existe;main_sem_protecao;nao_conforme;"
rpa-movement-amil,main,yes,yes,no,"16203;feat/XIPP-15377;feat/XIPP-16203;feat/XIPP-17060;feat/XIPP-17180;feat/XIPP-17243;feature/XIPP-16111;fix_exception_log;main;prd;stg;tratamento-retorno-status-PENDENTE","PRD;STG",PARCIAL,70,HIGH,"branch_master_existe;main_sem_protecao;compliance_parcial;"
rpa-financial-porto,prd,no,yes,no,"dev;feat/XIPP-16226;feat/xipp-13285;hotfix/XIPP-14790;hotfix/XIPP-15006;prd;stg","PRD;STG",NAO_CONFORME,120,CRITICAL,"default_branch_nao_main;branch_master_existe;main_sem_protecao;nao_conforme;"
chatbot-proxy,main,yes,yes,no,"develop;feat/XIPP-16162;main_old;main;preprod;release/v2.74.1;release/v2.75.0;stage;uat","DEV;PRD;PREPROD;STG;UAT",PARCIAL,70,HIGH,"branch_master_existe;main_sem_protecao;compliance_parcial;"
server-addons,14.0,no,yes,no,"12.0-add-base_automation_outgoing_webhook;12.0;14.0-add-base_ir_binary;14.0;18.0","",NAO_CONFORME,120,CRITICAL,"default_branch_nao_main;branch_master_existe;main_sem_protecao;nao_conforme;"
enterprise,18.0,no,yes,no,"9.0;10.0;11.0;12.0;13.0;14.0;15.0;16.0;17.0;18.0-ren-website-manifest-jke;18.0;master;saas-6;saas-7;saas-8;saas-9;saas-10;saas-11;saas-11.1;saas-11.2;saas-11.3;saas-11.4;saas-11.5;saas-12;saas-12.1;saas-12.2;saas-12.3;saas-12.4;saas-12.5;saas-13","",NAO_CONFORME,120,CRITICAL,"default_branch_nao_main;branch_master_existe;main_sem_protecao;nao_conforme;"
platform-backend-deploy,main,yes,yes,yes,"develop;feat/XIPP-17200;main;preprod;stage;uat","Development;PreProd;Production;Stage;UAT",PARCIAL,30,MEDIUM,"branch_master_existe;compliance_parcial;"
rpa-operation-cnu-cadastral-position,main,yes,yes,no,"bugfix/XIPP-14798;dev;feat/XIPP-16701;feature/XIPP-12756;feature/XIPP-16103;feature/XIPP-16123;fix/XIPP-16111;fix/xipp-14808;hotfix/XIPP-14790;main;prd_with_stg;prd;stg","PRD;STG",PARCIAL,70,HIGH,"branch_master_existe;main_sem_protecao;compliance_parcial;"
odoo-store-addons,14.0-main,no,yes,no,"14.0-main;14.0-uat;story/XIPP-16412","",NAO_CONFORME,120,CRITICAL,"default_branch_nao_main;branch_master_existe;main_sem_protecao;nao_conforme;"
nifi-iac,prd,no,yes,no,"ctrl;dev;feat/XIPP-17283;prd;preprd;snyk-fix-017fc523d0f3d36fc7d20296ecec707c;snyk-fix-36ff5b80fcdf326791100e137b266786;snyk-fix-e3a7eafc3c8ec0c0b8276ba405ac083e;stg;task/XIPP-12103;uat;vinicius-santos-xipptech-patch-1","CTRL;DEV;PRD;PREPRD;STG;UAT",NAO_CONFORME,120,CRITICAL,"default_branch_nao_main;branch_master_existe;main_sem_protecao;nao_conforme;"
nifi-custom-processor-authenticate-avus,main,yes,yes,no,"main;vinicius-santos-xipptech-patch-1","DEV;PRD;PREPRD;STG;UAT",PARCIAL,70,HIGH,"branch_master_existe;main_sem_protecao;compliance_parcial;"
app-manager,main,yes,yes,yes,"develop;feat/XIPP-10803;feat/XIPP-10829;feat/XIPP-10832;feat/XIPP-10853;feat/XIPP-11162;feat/XIPP-11166;feat/XIPP-12153;feat/XIPP-12369;feat/XIPP-12494;feat/XIPP-12532;feat/XIPP-13855;feat/XIPP-13889;feat/XIPP-13890;feat/XIPP-13899;feat/XIPP-13944;feat/XIPP-13958-dev;feat/XIPP-13958;feat/XIPP-14001;feat/XIPP-14002;feat/XIPP-14186;feat/XIPP-14187;feat/XIPP-14254;feat/XIPP-14297;feat/XIPP-15415;feat/XIPP-15476;feat/XIPP-15909;feat/XIPP-16560;feat/XIPP-16645-dev;feat/XIPP-16645-stg","Develop;Production",PARCIAL,30,MEDIUM,"branch_master_existe;compliance_parcial;"
flutter-commons-widgets,main,yes,yes,no,"feat/AV-2541;feat/AV-2544;feat/AV-2577;feat/AV-2923;feat/RTH-2854;feat/RTH-3310;feat/RTH-3322;feat/RTH-3337;feat/RTH-3339;feat/RTH-3353;feat/RTH-3355;feat/RTH-3362;feat/RTH-3366;feat/RTH-3376;feat/XIPP-10853;feat/XIPP-11166;feat/XIPP-11189;feat/XIPP-11259;feat/XIPP-12475;feat/XIPP-12518;feat/XIPP-12532;feat/XIPP-12553;feat/XIPP-12638;feat/XIPP-13472;feat/XIPP-13858;feat/XIPP-13861;feat/XIPP-13889;feat/XIPP-13890;feat/XIPP-13899;feat/XIPP-13931","",PARCIAL,70,HIGH,"branch_master_existe;main_sem_protecao;compliance_parcial;"
driveconfig-frontend,main,yes,yes,no,"develop;feat/XIPP-13426;feat/XIPP-16730;feat/XIPP-16766;main;master;origin/devops;origin/feature/AR-31;origin/hotfix/1.3.1.1;origin/master;origin/release/1.2.0;origin/release/1.3.0;origin/release/1.3.1;origin/release/1.3.2;origin/release/1.3.3;origin/release/1.3.4;origin/release/1.3.5;pacote-release1.6.0;preprod;snyk-fix-0e86c537ce61e0d206d02568af2185b3;snyk-fix-475c9e6c2ef1a4c0596909063a924d65;snyk-fix-dee95ffe2632d5bee43358cf5ff1030a;spike/XIPP-13980-vue2;stage;uat","",PARCIAL,70,HIGH,"branch_master_existe;main_sem_protecao;compliance_parcial;"
insurancepricing-frontend,main,yes,yes,no,"1.5.30;1.5.42;HEAD;bugfix/XIPP-9138;bugfix/XIPP-10690;bugfix-2.0.55.1;cotador-refazer-cotacao;cotador-salesforce;develop;devops;feat/XIPP-13426;feat/XIPP-14299;feat/XIPP-14363;feat/XIPP-15697;feat/XIPP-16643-dev;feat/XIPP-16643-stg;feat/XIPP-16643;feat/XIPP-16730;feature/AR-31;feature/BE-523;feature/FI-420;feature/SDI-107;feature/XIPP-1382;feature/XIPP-8304;feature/XIPP-9282;feature/XIPP-12244;feature/cot-48;feature/package-adjust;feature/xipp-4971;feature/xipp-5686","",PARCIAL,70,HIGH,"branch_master_existe;main_sem_protecao;compliance_parcial;"
rpa-operation-sulamerica-cadastral-position,prd,no,yes,no,"bugfix/XIPP-14798;dev;feat/XIPP-15115;feat/XIPP-16701;fix/XIPP-15111;hotfix/XIPP-14790;prd;snyk-fix-2d166460e06538b51b8b19c85f5bb9d6;snyk-fix-16b0eb2fccb9e0c97efa4a00a3f28873;snyk-fix-21d0e9fd42813fa547fbf70f02d3d6e5;snyk-fix-36b17b400431b3c79a15174d8cc03bef;snyk-fix-431f203892222388ed85a5da8c263181;snyk-fix-839242f85acb5507e8d66590059f6571;snyk-fix-fafba1fcc20e8da761e7b42f1e2f05af;stg","PRD;STG",NAO_CONFORME,120,CRITICAL,"default_branch_nao_main;branch_master_existe;main_sem_protecao;nao_conforme;"
rpa-operation-seguros-unimed-cadastral-position,prd,no,yes,no,"bugfix/XIPP-14798;dev;feat/XIPP-13862;feat/XIPP-15121;feat/XIPP-16701;fix/XIPP-15111;hotfix/XIPP-14790-black-fix;hotfix/XIPP-14790;prd;stg","PRD;STG",NAO_CONFORME,120,CRITICAL,"default_branch_nao_main;branch_master_existe;main_sem_protecao;nao_conforme;"
rpa-operation-hapvida-cadastral-position,prd,no,yes,no,"bugfix/XIPP-14798;dev;feat/XIPP-15114;feat/XIPP-16701;fix/XIPP-15111;hotfix/XIPP-14790;prd;stg","PRD;STG",NAO_CONFORME,120,CRITICAL,"default_branch_nao_main;branch_master_existe;main_sem_protecao;nao_conforme;"
rpa-operation-amil-cadastral-position,prd,no,yes,no,"XIIP-15123;bugfix/XIPP-14798;bugfix/XIPP-16111;dev;feat/XIPP-14317;feat/XIPP-14423;feat/XIPP-16111;feat/XIPP-16701;feature/XIPP-13643;feature/XIPP-14588;feature/XIPP-1756933074-playwright-login;fix_conflito_prd;fix_lint_stg;hotfix/XIPP-14790_dev;hotfix/XIPP-14790_uat;hotfix/XIPP-14790;hotfix/XIPP-15001;prd;snyk-fix-4c641aa18fb5d13cde2022548d24893f;snyk-fix-4f5ad7fb9da93002739f983d65ccd124;snyk-fix-21d0e9fd42813fa547fbf70f02d3d6e5;snyk-fix-229cd1b09484ebcb57938b3bfbe90339;snyk-fix-b92525cd3673623173520c590e1597d6;snyk-fix-e3dbf57bacfde282388810ed442953fd;stg;uat","PRD;STG",NAO_CONFORME,120,CRITICAL,"default_branch_nao_main;branch_master_existe;main_sem_protecao;nao_conforme;"
prometheus,main,yes,yes,no,"main","",PARCIAL,70,HIGH,"branch_master_existe;main_sem_protecao;compliance_parcial;"
account-frontend,main,yes,yes,no,"develop;diegooliveiraf-patch-1;feat/XIPP-12226-develop;feat/XIPP-12226-stage;feat/XIPP-12226;feat/XIPP-13426;feat/XIPP-16730;feature/XIPP-8232;feature/XIPP-9501;fix/XIPP-13308;fix/XIPP-13767;function/XIPP-9068;main;master;origin/bugfix/XIPP-5087;origin/devops;origin/feature/AC69;origin/feature/AC-75;origin/feature/AR-31;origin/feature/XIPP-4881;origin/feature/XIPP-5881;origin/hotfix/1.9.3.2;origin/master;origin/master-odoo;origin/release/1.3.3;origin/release/1.3.4;origin/release/1.4.0;origin/release/1.4.1;origin/release/1.5.0;origin/release/1.7.0","",PARCIAL,70,HIGH,"branch_master_existe;main_sem_protecao;compliance_parcial;"
migration-code-review-instructions,feat/XIPP-16565-postgresql-migration-review-prompt,yes,yes,no,"feat/XIPP-16565-postgresql-migration-review-prompt;main","",NAO_CONFORME,120,CRITICAL,"default_branch_nao_main;branch_master_existe;main_sem_protecao;nao_conforme;"
rpa-iac,prd,no,yes,no,"dev;feat/change-instance-type;prd;snyk-fix-017fc523d0f3d36fc7d20296ecec707c;stg","DEV;PRD;STG",NAO_CONFORME,120,CRITICAL,"default_branch_nao_main;branch_master_existe;main_sem_protecao;nao_conforme;"
account-move-import,17.0-mig,no,yes,no,"17.0-mig;17.0;18.0","",NAO_CONFORME,120,CRITICAL,"default_branch_nao_main;branch_master_existe;main_sem_protecao;nao_conforme;"
nifi-sinistro-groovy-scripts,main,yes,yes,no,"feature/XIPP-16323;fix/XIPP-16425;main","",PARCIAL,70,HIGH,"branch_master_existe;main_sem_protecao;compliance_parcial;"
rules-validation-core,main,yes,yes,no,"chore/XIPP-15518;develop;hotfix_arquivos_nao_deletados;main;stage","",PARCIAL,70,HIGH,"branch_master_existe;main_sem_protecao;compliance_parcial;"
rpa-financial-sulamerica,prd,no,yes,no,"dev;hotfix/XIPP-14790;prd;snyk-fix-786308668752274e3da84f30edac40fd;snyk-fix-031c19baa04ab853056fb57ccab51cff;snyk-fix-534f24a29e3cb81cb56ae80d38da624f;snyk-fix-c05f99cc1e947a2b9a6fd93da1ab6ef7;snyk-fix-edfe37f504b6e30ba18a50226249543c;stg","PRD;STG",NAO_CONFORME,120,CRITICAL,"default_branch_nao_main;branch_master_existe;main_sem_protecao;nao_conforme;"
rpa-operation-amil-coparticipation,prd,no,yes,no,"bugfix/XIPP-14798;dev;feature/XIPP-1756933074-playwright-login;fix/XIPP-15541;fix/XIPP-16111;hotfix/XIPP-14790;hotfix/XIPP-15001;hotfix_02_10;prd;snyk-fix-9177035035fb9e9c962d517252e04319;snyk-fix-3b43f7aa5236757210b0928a4a89dc3b;snyk-fix-4f5ad7fb9da93002739f983d65ccd124;snyk-fix-16b0eb2fccb9e0c97efa4a00a3f28873;snyk-fix-21d0e9fd42813fa547fbf70f02d3d6e5;snyk-fix-839242f85acb5507e8d66590059f6571;snyk-fix-a0ee46c4d0f9a51b4f23b40d2cd10c8d;snyk-fix-b1b00381a1915073a52d59037cdc5798;snyk-fix-c2cf752af404176da4ff3d64ac3d1e7f;snyk-fix-cd01e25aed2733892d1ae67e2092a452;snyk-fix-e3dbf57bacfde282388810ed442953fd;stg","PRD;STG",NAO_CONFORME,120,CRITICAL,"default_branch_nao_main;branch_master_existe;main_sem_protecao;nao_conforme;"
poc_payroll_processor,main,yes,yes,no,"feature/XIPP-15786;feature/payroll-transformation-script;fix/XIPP-15786;main","",PARCIAL,70,HIGH,"branch_master_existe;main_sem_protecao;compliance_parcial;"
xipp-doodba-17,main,yes,yes,no,"develop;main","",PARCIAL,70,HIGH,"branch_master_existe;main_sem_protecao;compliance_parcial;"
commons-poc,main,yes,yes,no,"develop;feat/XIPP-15518;feat/new-endpoint;main;main__;release/2.68.0;release/2.69.0","",PARCIAL,70,HIGH,"branch_master_existe;main_sem_protecao;compliance_parcial;"
nifi-custom-processor-excel-to-csv,main,yes,yes,no,"fix/XIPP-8357-2;main;snyk-fix-ef74a287d18914d245bbed5123e1f557;snyk-upgrade-16ee403641f2548dcab276c47ed0da74;snyk-upgrade-73d64d17e9b1459d79619b6702bdd407;snyk-upgrade-d8c8c3fffd9de0775d1a18df397921cc;vinicius-santos-xipptech-patch-1","DEV;PRD;PREPRD;STG",PARCIAL,70,HIGH,"branch_master_existe;main_sem_protecao;compliance_parcial;"
rh-test-e2e,main,yes,yes,no,"main;test/XIPP-15107;test/XIPP-15210;test/XIPP-15249;test/XIPP-15365","",PARCIAL,70,HIGH,"branch_master_existe;main_sem_protecao;compliance_parcial;"
ci-cd-poc,main,yes,yes,yes,"create-pull-request/patch;develop;feat/XIPP-1234;feat/XIPP-14873;feat/test-a;feat/test-b;feat/test-deploy;feat/test-env;feat/testing-release;feat/workflow;feat/1234;fix/17;fix/5678;main;release/1.1.6;release/1.1.7;release/1.1.8;release/1.1.9;release/1.1.10;release/1.1.11;release/1.1.12;release/1.1.13;release/1.1.14;release/1.1.15;release/1.1.16;release/1.1.17;release/1.1.18;release/1.1.19;release/1.1.20;release/1.1.21","develop;staging",PARCIAL,30,MEDIUM,"branch_master_existe;compliance_parcial;"
OCB,18.0,no,yes,no,"7.0;8.0;9.0;10.0;11.0;12.0;13.0;14.0-feature/XIPP-13974;14.0;15.0;16.0;17.0;18.0;feature/XIPP-14245;revert-2-feature/XIPP-14245","",NAO_CONFORME,120,CRITICAL,"default_branch_nao_main;branch_master_existe;main_sem_protecao;nao_conforme;"
release-deployment,main,yes,yes,yes,"main;release/1.1.11;release/1.1.12;release/1.1.13;release/1.1.14;release/1.1.15;release/1.1.16;release/1.1.17;release/1.1.18;release/1.1.19;release/1.1.20;release/1.1.21;release/1.1.22;release/2.68.0","pre-production;production;uat",PARCIAL,30,MEDIUM,"branch_master_existe;compliance_parcial;"
release-management,main,yes,yes,no,"main","",PARCIAL,70,HIGH,"branch_master_existe;main_sem_protecao;compliance_parcial;"
xipp-odoo-docker,14.0,yes,yes,no,"14.0-M1;14.0-avuspharma;14.0-avuspharma-new-setup;14.0-new-setup;14.0-remote;14.0-server;14.0-xipp;14.0;17.0-upd;17.0;bugfix/XIPP-3465;story/XIPP-14162;story/XIPP-14391","",NAO_CONFORME,120,CRITICAL,"default_branch_nao_main;branch_master_existe;main_sem_protecao;nao_conforme;"
nifi-custom-processor-execute-sql-mdb,main,yes,yes,no,"main;snyk-fix-2188dcff03ef554c4d265c2558b080f0;snyk-upgrade-1c1e486e41e75d35705947204d4fc419;snyk-upgrade-6428296f48a48a1a8cec0e283d72ba24","",PARCIAL,70,HIGH,"branch_master_existe;main_sem_protecao;compliance_parcial;"
rpa-financial-amil,prd,yes,yes,no,"dev;feat/xipp-13282;hotfix/XIPP-14790;hotfix/XIPP-15001;main;prd;stg","PRD;STG",NAO_CONFORME,120,CRITICAL,"default_branch_nao_main;branch_master_existe;main_sem_protecao;nao_conforme;"
release-poc,main,yes,yes,no,"develop;fix/XIPP-5678;fix/17;main;release/0.0.1;release/0.0.2;release/0.0.3;release/1.1.14;release/1.1.15;release/1.1.16;release/1.1.17;teste-pr-17415272882;teste-pr-17415470608","develop",PARCIAL,70,HIGH,"branch_master_existe;main_sem_protecao;compliance_parcial;"
xipp-odoo-demo,master,no,yes,no,"14.0;18.0;master","",NAO_CONFORME,120,CRITICAL,"default_branch_nao_main;branch_master_existe;main_sem_protecao;nao_conforme;"
rabbitmq,develop,no,yes,no,"develop;edit-pipeline;revert-1-edit-pipeline;stage","DEVELOP",NAO_CONFORME,120,CRITICAL,"default_branch_nao_main;branch_master_existe;main_sem_protecao;nao_conforme;"
rpa-teste,main,yes,yes,no,"main","",PARCIAL,70,HIGH,"branch_master_existe;main_sem_protecao;compliance_parcial;"
nifi-financial-groovy-scripts,main,yes,yes,no,"bugfix/xipp-14183;main;snyk-upgrade-607cc3875109266637d6d58e52946d8b;snyk-upgrade-41116357d6540ef55080c0242babeb0f;snyk-upgrade-b6019ecc070c9f653955cbb6a26620ec;snyk-upgrade-d0a3569b59bb0b11422818c1060f955d","",PARCIAL,70,HIGH,"branch_master_existe;main_sem_protecao;compliance_parcial;"
nifi-custom-processor-detect-encoding,feature/XIPP-14746,yes,yes,no,"feature/XIPP-14746;main","",NAO_CONFORME,120,CRITICAL,"default_branch_nao_main;branch_master_existe;main_sem_protecao;nao_conforme;"
avusfarma,main,yes,yes,no,"AV-1160;AVF-1438;avus-sprint-14;bugfix/AV-1685;bugfix/AV-1732;bugfix/AV-1733;bugfix/AV-1767;bugfix/AV-1773;bugfix/AV-1835;bugfix/AV-1840;bugfix/AV-1846;bugfix/AV-1883;bugfix/AVF-1476;feat/AV-1952;feat/AV-1957;feat/AV-1963;feat/AV-2043;feat/AV-2106;feat/AV-2110;feat/AV-2232;feat/AV-2253;feat/AV-2332;feat/AV-2358;feat/AV-2494;feat/AV-2495;feat/AV-2496;feat/AV-2497;feat/AV-2498;feat/AV-2499;feat/AV-2500","",PARCIAL,70,HIGH,"branch_master_existe;main_sem_protecao;compliance_parcial;"
monitoring_loki,main,yes,yes,no,"main","",PARCIAL,70,HIGH,"branch_master_existe;main_sem_protecao;compliance_parcial;"
monitoring_postgres_exporter,main,yes,yes,no,"develop;main","preprod;production;staging",PARCIAL,70,HIGH,"branch_master_existe;main_sem_protecao;compliance_parcial;"
monitoring_promtail,main,yes,yes,no,"main","",PARCIAL,70,HIGH,"branch_master_existe;main_sem_protecao;compliance_parcial;"
rhprotegido.app,main,yes,yes,no,"develop;feat/RTH-3310;feat/RTH-3322;feat/RTH-3326;feat/RTH-3337;feat/RTH-3339;feat/RTH-3341;feat/RTH-3353;feat/RTH-3355;feat/RTH-3362;feat/RTH-3366;feat/RTH-3376;feat/RTH-3379;feat/RTH-3381;feat/RTH-3387;feat/RTH-3394;feat/RTH-3405;feat/RTH-3410;feat/RTH-3454;feat/RTH-3456;feat/XIPP-12532;feat/XIPP-13890;feat/XIPP-13899;feat/XIPP-13953;feat/XIPP-13964;feat/XIPP-13968;feat/XIPP-14002;feature/RTH-2854;feature/XIPP-init-project;main","Production",PARCIAL,70,HIGH,"branch_master_existe;main_sem_protecao;compliance_parcial;"
rhfarma,main,yes,yes,no,"feat/AV-2525;feat/AV-2526;feat/AV-2527;feat/XIPP-12152;feat/XIPP-12411;feat/XIPP-12475;feat/XIPP-12528;feat/XIPP-13889;feat/XIPP-13899;feat/XIPP-13972;feat/XIPP-13983;feature/AVF-1507;feature/AVF-1508;feature/AVF-1510;feature/AVF-1511;fix/AVF-1513;main;origin/feature/AFV-1192;origin/feature/AVF-1186;origin/feature/AVF-1189;origin/feature/AVF-1191;origin/feature/AVF-1193;origin/feature/AVF-1195;origin/feature/AVF-1198;origin/feature/AVF-1199;origin/feature/AVF-1200;origin/feature/AVF-1490;origin/main","",PARCIAL,70,HIGH,"branch_master_existe;main_sem_protecao;compliance_parcial;"
platform-k8s,main,yes,yes,no,"develop;main","",PARCIAL,70,HIGH,"branch_master_existe;main_sem_protecao;compliance_parcial;"
nifi-custom-processor-json-to-xls,main,yes,yes,no,"main;snyk-upgrade-5d09536278a18bfb8d5c4c400b30f6ce;snyk-upgrade-5e8e07ccbb59da49f46d8bcc6dbeff93;snyk-upgrade-37da3e0295c849f0602bf4c35588a424;snyk-upgrade-be4e6c8f3dbd9062e4eeb4fb1f07d64d","DEV;PRD;PREPRD;STG",PARCIAL,70,HIGH,"branch_master_existe;main_sem_protecao;compliance_parcial;"
doodba-qa,master,no,yes,no,"master","",NAO_CONFORME,120,CRITICAL,"default_branch_nao_main;branch_master_existe;main_sem_protecao;nao_conforme;"
xipp-odoo-14,main,yes,yes,no,"main","",PARCIAL,70,HIGH,"branch_master_existe;main_sem_protecao;compliance_parcial;"
rpa-archtype,main,yes,yes,no,"main","",PARCIAL,70,HIGH,"branch_master_existe;main_sem_protecao;compliance_parcial;"
doodba,master,no,yes,no,"master","",NAO_CONFORME,120,CRITICAL,"default_branch_nao_main;branch_master_existe;main_sem_protecao;nao_conforme;"
nifi-custom-processor-fetch-odoo,main,yes,yes,no,"main;snyk-upgrade-4ed657d89233f38477230ebf217cdb71;snyk-upgrade-13594ad2e6bbac462a858dd0fcc6f117;snyk-upgrade-cdad5bdc0ffa68369b403683395fd7ac","DEV;PRD;PREPRD;STG",PARCIAL,70,HIGH,"branch_master_existe;main_sem_protecao;compliance_parcial;"
odoo-doodba,main,yes,yes,no,"17.0;main","",PARCIAL,70,HIGH,"branch_master_existe;main_sem_protecao;compliance_parcial;"
nifi-custom-processor-dynamic-move-sftp,main,yes,yes,no,"main;snyk-fix-c24f2aa132928555a2446799664a37a7;snyk-upgrade-0835bc1ed3abe03700f54ac599d7135c","",PARCIAL,70,HIGH,"branch_master_existe;main_sem_protecao;compliance_parcial;"
nifi-custom-processor-dynamic-list-azure-blob-storage,main,yes,yes,no,"main;snyk-fix-e345914faf0e58e5c255339f53c9539d","",PARCIAL,70,HIGH,"branch_master_existe;main_sem_protecao;compliance_parcial;"
nifi-custom-processor-pdf-to-xml,main,yes,yes,no,"main;snyk-upgrade-bc14d7e95c57c042aca4b26599dc03e7;snyk-upgrade-c7e77fcd5ff48369180eee7c4708a3f2","",PARCIAL,70,HIGH,"branch_master_existe;main_sem_protecao;compliance_parcial;"
nifi-custom-processor-extended-query-record,main,yes,yes,no,"feature/XIPP-10680;main;snyk-fix-955817b1f1ec2befcbb0ab78a7510a6e;snyk-upgrade-7bdaddf9aefb98f7826d2e2f1eee552d;snyk-upgrade-dd36800ab9f2976409b57ea1d8cd42eb","",PARCIAL,70,HIGH,"branch_master_existe;main_sem_protecao;compliance_parcial;"
elk-iac,main,yes,yes,no,"main","",PARCIAL,70,HIGH,"branch_master_existe;main_sem_protecao;compliance_parcial;"
demo-repository,main,yes,yes,no,"add-badges-to-readme;main;snyk-upgrade-86e664dd5db9e2c0cfbd648090def97f","",PARCIAL,70,HIGH,"branch_master_existe;main_sem_protecao;compliance_parcial;"
config-server-repo,main,yes,yes,no,"feat/XIPP-12285-contract-service;fix/adjust-financial-service-configs;fix/adjust-gateway-server-cors;main;refact/gateway-upgrade-java","",PARCIAL,70,HIGH,"branch_master_existe;main_sem_protecao;compliance_parcial;"
nifi-custom-processor-dynamic-list-sftp,main,yes,yes,no,"fix/XIPP-12330;main;snyk-fix-0e874ebf1688e764b1476bdaccf9c985;snyk-upgrade-3695e2a4059cbf63eb9074cbfd94762f;snyk-upgrade-ad68e6f12e53e7dd7095c31371b5fdc8","DEV;PRD;PREPRD;STG",PARCIAL,70,HIGH,"branch_master_existe;main_sem_protecao;compliance_parcial;"
notification-service,main,yes,yes,no,"develop;main;snyk-upgrade-0b8713c0ec08725535583e5a1a246026;snyk-upgrade-10691d72259e09084f03176bb37726bb;stage","development;pre-production;production",PARCIAL,70,HIGH,"branch_master_existe;main_sem_protecao;compliance_parcial;"
account.app,main,yes,yes,no,"feat/RTH-3423;feat/RTH-3459;main","",PARCIAL,70,HIGH,"branch_master_existe;main_sem_protecao;compliance_parcial;"
nifi-custom-processor-get-odoo,main,yes,yes,no,"main;snyk-upgrade-546745ad220421e3e1b532abb986b90c;snyk-upgrade-fd801dc4f3fb937c8d79a01c2b86c9f8","",PARCIAL,70,HIGH,"branch_master_existe;main_sem_protecao;compliance_parcial;"
itext,main,yes,yes,no,"main;snyk-upgrade-4bfc0b8e31d5712e1742352488c7146b;snyk-upgrade-008e3f60f4da86277e682f0af2a31e53;snyk-upgrade-63d534552f82838572a31acdcccb3069;snyk-upgrade-d23f392108a8a7c7832fffdbfa3cf77e;snyk-upgrade-ebee785ab67f4833eb2e413ce9c009c6","",PARCIAL,70,HIGH,"branch_master_existe;main_sem_protecao;compliance_parcial;"
demo-git-flow,main,yes,yes,no,"14-develop;14-preprod;14-stage;14.01.00.00;feature/XIPP-0001;main","",PARCIAL,70,HIGH,"branch_master_existe;main_sem_protecao;compliance_parcial;"
nifi-custom-processor-fetch-sftp-rename,main,yes,yes,no,"main;snyk-upgrade-843499a09844833edec53c959ea14465","",PARCIAL,70,HIGH,"branch_master_existe;main_sem_protecao;compliance_parcial;"
nifi-additional-libs,main,yes,yes,no,"feat/xipp-11519;main","DEV;PRD;PREPRD;STG",PARCIAL,70,HIGH,"branch_master_existe;main_sem_protecao;compliance_parcial;"
external-systems-status-service,main,yes,yes,no,"develop;main;stage","",PARCIAL,70,HIGH,"branch_master_existe;main_sem_protecao;compliance_parcial;"
collaborator.app,main,yes,yes,no,"feat/RTH-2854;feat/RTH-3310;feat/RTH-3326;main","",PARCIAL,70,HIGH,"branch_master_existe;main_sem_protecao;compliance_parcial;"
sdi-frontend-test,main,no,no,no,"","",PARCIAL,50,HIGH,"main_sem_protecao;compliance_parcial;"
generative-ai-python-3.8,main,yes,yes,no,"main","",PARCIAL,70,HIGH,"branch_master_existe;main_sem_protecao;compliance_parcial;"
teste-rodrigosilveira,main,no,no,no,"","",PARCIAL,50,HIGH,"main_sem_protecao;compliance_parcial;"
site_xipp_vorttex,main,yes,yes,no,"main","",PARCIAL,70,HIGH,"branch_master_existe;main_sem_protecao;compliance_parcial;"
nifi-service,main,yes,yes,no,"develop;main;stage","",PARCIAL,70,HIGH,"branch_master_existe;main_sem_protecao;compliance_parcial;"
xipptech-service-hub,main,no,no,no,"","",PARCIAL,50,HIGH,"main_sem_protecao;compliance_parcial;"
